City,Country,Duration,Price,Airline,Airport,Depart,Return,Link,MinPrice,is_MinPrice,year_depart,month_depart,CityOrigin,minPrice,meanPrice,medianPrice,timestamp,is_smaller,difPrice,difPricePct,weekday_depart,weekday_return,diff_days
Victoria,Seicheles,1355,743.4,Várias companhias aéreas,SEZ,2023-05-09,2023-05-16,http://kayak.com/flights/NAP-SEZ/2023-05-09/2023-05-16/,743.4,1.0,2023,5,NAP,1268.96,2996.5885714285714,3285.27,2023-03-30 02:36:37,True,-525.5600000000001,-41.41659311562225,Tuesday,Tuesday,7 days
Marselha,França,105,67.34,Ryanair,MRS,2023-10-07,2023-10-11,http://kayak.com/flights/NAP-MRS/2023-10-07/2023-10-11/,67.34,1.0,2023,10,NAP,88.03,88.03,88.03,2023-03-30 02:36:37,True,-20.689999999999998,-23.503351130296487,Saturday,Wednesday,4 days
Varsóvia,Polónia,1475,127.29,Ryanair,WAW,2023-07-24,2023-07-29,http://kayak.com/flights/NAP-WAW/2023-07-24/2023-07-29/,127.29,1.0,2023,7,NAP,150.37,155.49833333333333,155.875,2023-03-30 02:36:37,True,-23.08,-15.348806277847974,Monday,Saturday,5 days
São Paulo,Brasil,1665,744.33,Várias companhias aéreas,SAO,2023-06-07,2023-06-14,http://kayak.com/flights/NAP-SAO/2023-06-07/2023-06-14/,744.33,1.0,2023,6,NAP,855.99,861.6161111111111,858.0,2023-03-30 02:36:37,True,-111.65999999999997,-13.044544912907858,Wednesday,Wednesday,7 days
Leipzig,Alemanha,550,195.54,Várias companhias aéreas,LEJ,2023-04-19,2023-04-26,http://kayak.com/flights/NAP-LEJ/2023-04-19/2023-04-26/,195.54,1.0,2023,4,NAP,220.71,238.735,236.31,2023-03-30 02:36:37,True,-25.170000000000016,-11.404104934076397,Wednesday,Wednesday,7 days
Viena,Áustria,105,64.57,Ryanair,VIE,2023-04-26,2023-05-03,http://kayak.com/flights/NAP-VIE/2023-04-26/2023-05-03/,64.57,1.0,2023,4,NAP,66.32,94.11655172413793,95.88,2023-03-30 02:36:37,True,-1.75,-2.638721351025332,Wednesday,Wednesday,7 days
Adelaide,Austrália,2355,1953.5,Turkish Airlines,ADL,2023-04-28,2023-05-05,http://kayak.com/flights/NAP-ADL/2023-04-28/2023-05-05/,1953.5,1.0,2023,4,NAP,1995.08,1995.08,1995.08,2023-03-30 02:36:37,True,-41.57999999999993,-2.084126952302661,Friday,Friday,7 days
Zurique,Suíça,115,60.88,easyJet,ZRH,2023-07-24,2023-07-31,http://kayak.com/flights/NAP-ZRH/2023-07-24/2023-07-31/,60.88,1.0,2023,7,NAP,62.04,93.04124999999999,87.225,2023-03-30 02:36:37,True,-1.1599999999999966,-1.869761444229524,Monday,Monday,7 days
Bucareste,Roménia,125,90.39,Várias companhias aéreas,BUH,2023-06-08,2023-06-13,http://kayak.com/flights/NAP-BUH/2023-06-08/2023-06-13/,90.39,1.0,2023,6,NAP,91.42,117.405,113.6,2023-03-30 02:36:37,True,-1.0300000000000011,-1.1266681251367328,Thursday,Tuesday,5 days
Turim,Itália,90,34.13,Várias companhias aéreas,TRN,2023-05-11,2023-05-16,http://kayak.com/flights/NAP-TRN/2023-05-11/2023-05-16/,34.13,1.0,2023,5,NAP,34.38,46.80235294117647,38.11,2023-03-30 02:36:37,True,-0.25,-0.7271669575334496,Thursday,Tuesday,5 days
Bydgoszcz,Polónia,750,340.34,Várias companhias aéreas,BZG,2023-03-29,2023-04-05,http://kayak.com/flights/NAP-BZG/2023-03-29/2023-04-05/,340.34,1.0,2023,3,NAP,342.33,1351.54,1351.54,2023-03-30 02:36:37,True,-1.990000000000009,-0.5813104314550315,Wednesday,Wednesday,7 days
Pafos,Chipre,180,50.73,Ryanair,PFO,2023-05-02,2023-05-09,http://kayak.com/flights/NAP-PFO/2023-05-02/2023-05-09/,50.73,1.0,2023,5,NAP,50.8,92.39425,84.89500000000001,2023-03-30 02:36:37,True,-0.07000000000000028,-0.13779527559055174,Tuesday,Tuesday,7 days
Sharm El Sheikh,Egito,230,98.69,easyJet,SSH,2024-01-24,2024-01-28,http://kayak.com/flights/NAP-SSH/2024-01-24/2024-01-28/,98.69,1.0,2024,1,NAP,98.82,112.52333333333333,98.82,2023-03-30 02:36:37,True,-0.12999999999999545,-0.13155231734466247,Wednesday,Sunday,4 days
Astúrias,Espanha,950,125.44,Várias companhias aéreas,OVD,2023-07-09,2023-07-16,http://kayak.com/flights/NAP-OVD/2023-07-09/2023-07-16/,125.44,1.0,2023,7,NAP,125.6,125.9388888888889,126.17,2023-03-30 02:36:37,True,-0.1599999999999966,-0.1273885350318444,Sunday,Sunday,7 days
Jidá,Arábia Saudita,850,157.72,Várias companhias aéreas,JED,2023-09-05,2023-09-12,http://kayak.com/flights/NAP-JED/2023-09-05/2023-09-12/,157.72,1.0,2023,9,NAP,157.92,157.92,157.92,2023-03-30 02:36:37,True,-0.19999999999998863,-0.12664640324214071,Tuesday,Tuesday,7 days
Alexandroupolis Dimokritos,Grécia,730,150.34,Aegean Airlines,AXD,2023-03-31,2023-04-04,http://kayak.com/flights/NAP-AXD/2023-03-31/2023-04-04/,150.34,1.0,2023,3,NAP,150.53,150.53,150.53,2023-03-30 02:36:37,True,-0.18999999999999773,-0.126220686906263,Friday,Tuesday,4 days
Hurghada,Egito,1305,245.34,Várias companhias aéreas,HRG,2023-05-12,2023-05-16,http://kayak.com/flights/NAP-HRG/2023-05-12/2023-05-16/,245.34,1.0,2023,5,NAP,245.65,407.86499999999995,360.15,2023-03-30 02:36:37,True,-0.3100000000000023,-0.12619580704254113,Friday,Tuesday,4 days
Argel,Argélia,715,190.0,Várias companhias aéreas,ALG,2023-05-18,2023-05-23,http://kayak.com/flights/NAP-ALG/2023-05-18/2023-05-23/,190.0,1.0,2023,5,NAP,190.24,190.41400000000002,190.24,2023-03-30 02:36:37,True,-0.2400000000000091,-0.12615643397813767,Thursday,Tuesday,5 days
Bergen,Noruega,710,200.15,Lufthansa,BGO,2023-05-03,2023-05-10,http://kayak.com/flights/NAP-BGO/2023-05-03/2023-05-10/,200.15,1.0,2023,5,NAP,200.4,201.0672727272727,201.32,2023-03-30 02:36:37,True,-0.25,-0.124750499001996,Wednesday,Wednesday,7 days
Istambul,Turquia,610,200.15,Várias companhias aéreas,IST,2023-09-25,2023-09-30,http://kayak.com/flights/NAP-IST/2023-09-25/2023-09-30/,200.15,1.0,2023,9,NAP,200.4,218.03000000000003,216.28,2023-03-30 02:36:37,True,-0.25,-0.124750499001996,Monday,Saturday,5 days
Insbruque,Áustria,485,176.17,Austrian Airlines,INN,2023-07-12,2023-07-17,http://kayak.com/flights/NAP-INN/2023-07-12/2023-07-17/,176.17,1.0,2023,7,NAP,176.39,176.39,176.39,2023-03-30 02:36:37,True,-0.21999999999999886,-0.12472362378819597,Wednesday,Monday,5 days
Kythira,Grécia,1245,304.37,Várias companhias aéreas,KIT,2023-05-18,2023-05-23,http://kayak.com/flights/NAP-KIT/2023-05-18/2023-05-23/,304.37,1.0,2023,5,NAP,304.75,304.75,304.75,2023-03-30 02:36:37,True,-0.37999999999999545,-0.12469237079573271,Thursday,Tuesday,5 days
Newcastle upon Tyne,Reino Unido,1545,208.45,Várias companhias aéreas,NCL,2023-06-07,2023-06-11,http://kayak.com/flights/NAP-NCL/2023-06-07/2023-06-11/,208.45,1.0,2023,6,NAP,208.71,226.47722222222222,209.99,2023-03-30 02:36:37,True,-0.2600000000000193,-0.12457476881798635,Wednesday,Sunday,4 days
Karlsruhe,Alemanha,585,80.25,Ryanair,FKB,2023-07-03,2023-07-10,http://kayak.com/flights/NAP-FKB/2023-07-03/2023-07-10/,80.25,1.0,2023,7,NAP,80.35,188.67857142857142,269.74,2023-03-30 02:36:37,True,-0.09999999999999432,-0.12445550715618459,Monday,Monday,7 days
Fes,Marrocos,635,136.51,Ryanair,FEZ,2023-04-03,2023-04-07,http://kayak.com/flights/NAP-FEZ/2023-04-03/2023-04-07/,136.51,1.0,2023,4,NAP,136.68,234.3686956521739,202.03,2023-03-30 02:36:37,True,-0.17000000000001592,-0.12437810945274796,Monday,Friday,4 days
Leeds,Reino Unido,1035,153.11,Várias companhias aéreas,LBA,2023-04-27,2023-05-04,http://kayak.com/flights/NAP-LBA/2023-04-27/2023-05-04/,153.11,1.0,2023,4,NAP,153.3,396.1352727272727,174.32,2023-03-30 02:36:37,True,-0.18999999999999773,-0.12393998695368409,Thursday,Thursday,7 days
Bremen,Alemanha,580,185.39,Lufthansa,BRE,2023-04-26,2023-05-03,http://kayak.com/flights/NAP-BRE/2023-04-26/2023-05-03/,185.39,1.0,2023,4,NAP,185.62,237.88285714285715,213.4,2023-03-30 02:36:37,True,-0.2300000000000182,-0.12390906152355252,Wednesday,Wednesday,7 days
Amã,Jordânia,770,129.13,Várias companhias aéreas,AMM,2024-02-11,2024-02-18,http://kayak.com/flights/NAP-AMM/2024-02-11/2024-02-18/,129.13,1.0,2024,2,NAP,129.29,129.29,129.29,2023-03-30 02:36:37,True,-0.1599999999999966,-0.12375280377445788,Sunday,Sunday,7 days
Rzeszów,Polónia,610,307.14,Várias companhias aéreas,RZE,2023-05-18,2023-05-25,http://kayak.com/flights/NAP-RZE/2023-05-18/2023-05-25/,307.14,1.0,2023,5,NAP,307.52,307.802,307.52,2023-03-30 02:36:37,True,-0.37999999999999545,-0.12356919875129925,Thursday,Thursday,7 days
Wichita,Estados Unidos,1900,760.0,Várias companhias aéreas,ICT,2023-04-24,2023-04-30,http://kayak.com/flights/NAP-ICT/2023-04-24/2023-04-30/,760.0,1.0,2023,4,NAP,760.94,763.48,764.43,2023-03-30 02:36:37,True,-0.9400000000000546,-0.12353142166268752,Monday,Sunday,6 days
Kinshasa,República Democrática do Congo,1650,720.34,Turkish Airlines,FIH,2023-04-24,2023-04-28,http://kayak.com/flights/NAP-FIH/2023-04-24/2023-04-28/,720.34,1.0,2023,4,NAP,721.23,814.4461290322581,749.54,2023-03-30 02:36:37,True,-0.8899999999999864,-0.12340030226141263,Monday,Friday,4 days
Monastir,Tunísia,940,518.35,Várias companhias aéreas,MIR,2023-08-14,2023-08-21,http://kayak.com/flights/NAP-MIR/2023-08-14/2023-08-21/,518.35,1.0,2023,8,NAP,518.99,547.1009090909091,549.81,2023-03-30 02:36:37,True,-0.6399999999999864,-0.12331644154993089,Monday,Monday,7 days
Mumbai,Índia,1785,445.49,Várias companhias aéreas,BOM,2023-04-24,2023-04-28,http://kayak.com/flights/NAP-BOM/2023-04-24/2023-04-28/,445.49,1.0,2023,4,NAP,446.04,801.3313636363637,685.755,2023-03-30 02:36:37,True,-0.5500000000000114,-0.12330732669715976,Monday,Friday,4 days
Cleveland,Estados Unidos,1933,607.82,KLM,CLE,2023-04-05,2023-04-11,http://kayak.com/flights/NAP-CLE/2023-04-05/2023-04-11/,607.82,1.0,2023,4,NAP,608.57,609.7657142857144,608.57,2023-03-30 02:36:37,True,-0.75,-0.12323972591484955,Wednesday,Tuesday,6 days
Tóquio,Japão,1185,779.37,Várias companhias aéreas,TYO,2024-01-10,2024-01-17,http://kayak.com/flights/NAP-TYO/2024-01-10/2024-01-17/,779.37,1.0,2024,1,NAP,780.33,906.3329411764706,833.23,2023-03-30 02:36:37,True,-0.9600000000000364,-0.12302487409173507,Wednesday,Wednesday,7 days
Hermópolis,Grécia,1165,414.13,Várias companhias aéreas,JSY,2023-08-02,2023-08-09,http://kayak.com/flights/NAP-JSY/2023-08-02/2023-08-09/,414.13,1.0,2023,8,NAP,414.64,415.4542857142857,414.64,2023-03-30 02:36:37,True,-0.5099999999999909,-0.12299826355392411,Wednesday,Wednesday,7 days
Banguecoque,Tailândia,2440,747.09,Várias companhias aéreas,BKK,2023-04-24,2023-04-28,http://kayak.com/flights/NAP-BKK/2023-04-24/2023-04-28/,747.09,1.0,2023,4,NAP,748.01,978.569756097561,993.99,2023-03-30 02:36:37,True,-0.9199999999999591,-0.1229930081148593,Monday,Friday,4 days
Bolzano,Itália,600,755.39,Várias companhias aéreas,BZO,2023-05-03,2023-05-10,http://kayak.com/flights/NAP-BZO/2023-05-03/2023-05-10/,755.39,1.0,2023,5,NAP,756.32,756.32,756.32,2023-03-30 02:36:37,True,-0.9300000000000637,-0.12296382483605664,Wednesday,Wednesday,7 days
Kingston,Jamaica,3300,1040.39,Várias companhias aéreas,KIN,2023-08-22,2023-08-29,http://kayak.com/flights/NAP-KIN/2023-08-22/2023-08-29/,1040.39,1.0,2023,8,NAP,1041.67,1636.4813513513513,1616.17,2023-03-30 02:36:37,True,-1.2799999999999727,-0.12287960678525565,Tuesday,Tuesday,7 days
Jacarta,Indonésia,2265,999.81,Várias companhias aéreas,JKT,2023-07-07,2023-07-11,http://kayak.com/flights/NAP-JKT/2023-07-07/2023-07-11/,999.81,1.0,2023,7,NAP,1001.04,1001.04,1001.04,2023-03-30 02:36:37,True,-1.2300000000000182,-0.1228722128985873,Friday,Tuesday,4 days
Luanda,Angola,1550,869.76,TAP AIR PORTUGAL,LAD,2023-04-24,2023-04-28,http://kayak.com/flights/NAP-LAD/2023-04-24/2023-04-28/,869.76,1.0,2023,4,NAP,870.83,870.83,870.83,2023-03-30 02:36:37,True,-1.07000000000005,-0.12287128371783816,Monday,Friday,4 days
Dallas,Estados Unidos,2039,1154.76,Várias companhias aéreas,DFW,2023-07-02,2023-07-06,http://kayak.com/flights/NAP-DFW/2023-07-02/2023-07-06/,1154.76,1.0,2023,7,NAP,1156.18,1156.18,1156.18,2023-03-30 02:36:37,True,-1.4200000000000728,-0.12281824629383598,Sunday,Thursday,4 days
Abidjã,Costa do Marfim,1760,536.8,Turkish Airlines,ABJ,2023-04-17,2023-04-21,http://kayak.com/flights/NAP-ABJ/2023-04-17/2023-04-21/,536.8,1.0,2023,4,NAP,537.46,572.1138461538461,539.93,2023-03-30 02:36:37,True,-0.6600000000000819,-0.12279983626690019,Monday,Friday,4 days
Tromsø,Noruega,1935,268.4,Várias companhias aéreas,TOS,2023-04-03,2023-04-09,http://kayak.com/flights/NAP-TOS/2023-04-03/2023-04-09/,268.4,1.0,2023,4,NAP,268.73,438.44577777777783,408.73,2023-03-30 02:36:37,True,-0.3300000000000409,-0.12279983626690019,Monday,Sunday,6 days
Pamplona,Espanha,1470,406.75,Iberia,PNA,2023-07-06,2023-07-10,http://kayak.com/flights/NAP-PNA/2023-07-06/2023-07-10/,406.75,1.0,2023,7,NAP,407.25,407.25,407.25,2023-03-30 02:36:37,True,-0.5,-0.12277470841006752,Thursday,Monday,4 days
Kassel,Alemanha,1400,504.52,Várias companhias aéreas,KSF,2023-05-11,2023-05-17,http://kayak.com/flights/NAP-KSF/2023-05-11/2023-05-17/,504.52,1.0,2023,5,NAP,505.14,505.14,505.14,2023-03-30 02:36:37,True,-0.6200000000000045,-0.12273825078196234,Thursday,Wednesday,6 days
Durban,África do Sul,2380,691.75,Várias companhias aéreas,DUR,2023-10-02,2023-10-09,http://kayak.com/flights/NAP-DUR/2023-10-02/2023-10-09/,691.75,1.0,2023,10,NAP,692.6,692.6,692.6,2023-03-30 02:36:37,True,-0.8500000000000227,-0.1227259601501621,Monday,Monday,7 days
Okinawa,Japão,2780,1432.38,Várias companhias aéreas,OKA,2023-08-14,2023-08-21,http://kayak.com/flights/NAP-OKA/2023-08-14/2023-08-21/,1432.38,1.0,2023,8,NAP,1434.14,1575.717,1589.48,2023-03-30 02:36:37,True,-1.759999999999991,-0.12272163108204155,Monday,Monday,7 days
Praya,Indonésia,3100,1294.03,Várias companhias aéreas,LOP,2023-04-05,2023-04-11,http://kayak.com/flights/NAP-LOP/2023-04-05/2023-04-11/,1294.03,1.0,2023,4,NAP,1295.62,1298.1699999999998,1295.62,2023-03-30 02:36:37,True,-1.5899999999999181,-0.12272116824376889,Wednesday,Tuesday,6 days
Angeles City,Filipinas,1935,1221.17,Várias companhias aéreas,CRK,2023-04-02,2023-04-09,http://kayak.com/flights/NAP-CRK/2023-04-02/2023-04-09/,1221.17,1.0,2023,4,NAP,1222.67,1222.67,1222.67,2023-03-30 02:36:37,True,-1.5,-0.1226823263840611,Sunday,Sunday,7 days
Austin,Estados Unidos,2005,1091.12,British Airways,AUS,2023-07-02,2023-07-06,http://kayak.com/flights/NAP-AUS/2023-07-02/2023-07-06/,1091.12,1.0,2023,7,NAP,1092.46,1135.4850000000001,1135.4850000000001,2023-03-30 02:36:37,True,-1.3400000000001455,-0.12265895318823075,Sunday,Thursday,4 days
Caiena,Guiana Francesa,1535,1213.79,Várias companhias aéreas,CAY,2023-06-28,2023-07-04,http://kayak.com/flights/NAP-CAY/2023-06-28/2023-07-04/,1213.79,1.0,2023,6,NAP,1215.28,1217.6714285714284,1215.28,2023-03-30 02:36:37,True,-1.490000000000009,-0.12260549009281888,Wednesday,Tuesday,6 days
San Andrés,Colômbia,2079,1385.34,Várias companhias aéreas,ADZ,2023-04-09,2023-04-16,http://kayak.com/flights/NAP-ADZ/2023-04-09/2023-04-16/,1385.34,1.0,2023,4,NAP,1387.04,1389.77,1387.04,2023-03-30 02:36:37,True,-1.7000000000000455,-0.12256315607336815,Sunday,Sunday,7 days
Takamatsu,Japão,2035,1157.53,Várias companhias aéreas,TAK,2023-04-26,2023-05-03,http://kayak.com/flights/NAP-TAK/2023-04-26/2023-05-03/,1157.53,1.0,2023,4,NAP,1158.95,1161.6100000000001,1161.6100000000001,2023-03-30 02:36:37,True,-1.4200000000000728,-0.12252469908107103,Wednesday,Wednesday,7 days
Nouakchott,Mauritânia,1190,709.28,Várias companhias aéreas,NKC,2023-05-04,2023-05-08,http://kayak.com/flights/NAP-NKC/2023-05-04/2023-05-08/,709.28,1.0,2023,5,NAP,710.15,714.0725,710.15,2023-03-30 02:36:37,True,-0.8700000000000045,-0.12250932901499748,Thursday,Monday,4 days
La Corunha,Espanha,1340,154.96,Várias companhias aéreas,LCG,2023-06-01,2023-06-05,http://kayak.com/flights/NAP-LCG/2023-06-01/2023-06-05/,154.96,1.0,2023,6,NAP,155.15,209.90128205128204,221.6,2023-03-30 02:36:37,True,-0.18999999999999773,-0.12246213341927022,Thursday,Monday,4 days
Cartagena,Colômbia,2780,1296.8,Várias companhias aéreas,CTG,2023-06-03,2023-06-08,http://kayak.com/flights/NAP-CTG/2023-06-03/2023-06-08/,1296.8,1.0,2023,6,NAP,1298.39,1298.39,1298.39,2023-03-30 02:36:37,True,-1.5900000000001455,-0.12245935350704684,Saturday,Thursday,5 days
Antofagasta,Chile,2527,1215.64,Várias companhias aéreas,ANF,2023-05-05,2023-05-09,http://kayak.com/flights/NAP-ANF/2023-05-05/2023-05-09/,1215.64,1.0,2023,5,NAP,1217.13,1217.13,1217.13,2023-03-30 02:36:37,True,-1.490000000000009,-0.12241913353544889,Friday,Tuesday,4 days
Arrecife,Espanha,865,212.14,Várias companhias aéreas,ACE,2023-12-15,2023-12-22,http://kayak.com/flights/NAP-ACE/2023-12-15/2023-12-22/,212.14,1.0,2023,12,NAP,212.4,212.4,212.4,2023-03-30 02:36:37,True,-0.2600000000000193,-0.12241054613936879,Friday,Friday,7 days
Nova Deli,Índia,1095,693.6,Emirates,DEL,2024-01-18,2024-01-22,http://kayak.com/flights/NAP-DEL/2024-01-18/2024-01-22/,693.6,1.0,2024,1,NAP,694.45,694.45,694.45,2023-03-30 02:36:37,True,-0.8500000000000227,-0.1223990208078368,Thursday,Monday,4 days
Balikpapan,Indonésia,2955,1395.49,Várias companhias aéreas,BPN,2023-04-05,2023-04-11,http://kayak.com/flights/NAP-BPN/2023-04-05/2023-04-11/,1395.49,1.0,2023,4,NAP,1397.2,1399.9514285714286,1397.2,2023-03-30 02:36:37,True,-1.7100000000000364,-0.1223876324076751,Wednesday,Tuesday,6 days
Myrtle Beach,Estados Unidos,1762,644.71,KLM,MYR,2023-04-05,2023-04-11,http://kayak.com/flights/NAP-MYR/2023-04-05/2023-04-11/,644.71,1.0,2023,4,NAP,645.5,774.4599999999999,882.48,2023-03-30 02:36:37,True,-0.7899999999999636,-0.12238574748256602,Wednesday,Tuesday,6 days
Oranjestad,Aruba,2090,971.22,KLM,AUA,2023-09-15,2023-09-22,http://kayak.com/flights/NAP-AUA/2023-09-15/2023-09-22/,971.22,1.0,2023,9,NAP,972.41,972.41,972.41,2023-03-30 02:36:37,True,-1.1899999999999409,-0.12237636387942749,Friday,Friday,7 days
Vaitape,Polinésia Francesa,2505,2268.94,Várias companhias aéreas,BOB,2023-04-27,2023-05-04,http://kayak.com/flights/NAP-BOB/2023-04-27/2023-05-04/,2268.94,1.0,2023,4,NAP,2271.72,2297.9,2280.99,2023-03-30 02:36:37,True,-2.7799999999997453,-0.12237423626149992,Thursday,Thursday,7 days
São Pedro,Cabo Verde,1660,759.08,Várias companhias aéreas,VXE,2023-10-04,2023-10-11,http://kayak.com/flights/NAP-VXE/2023-10-04/2023-10-11/,759.08,1.0,2023,10,NAP,760.01,762.338,763.5,2023-03-30 02:36:37,True,-0.92999999999995,-0.12236681096300707,Wednesday,Wednesday,7 days
Porto de Espanha,Trinidad e Tobago,2821,979.52,Várias companhias aéreas,POS,2023-04-25,2023-04-29,http://kayak.com/flights/NAP-POS/2023-04-25/2023-04-29/,979.52,1.0,2023,4,NAP,980.72,983.3877777777777,985.22,2023-03-30 02:36:37,True,-1.2000000000000455,-0.12235908312260843,Tuesday,Saturday,4 days
Dortmund,Alemanha,790,163.26,Várias companhias aéreas,DTM,2023-04-20,2023-04-26,http://kayak.com/flights/NAP-DTM/2023-04-20/2023-04-26/,163.26,1.0,2023,4,NAP,163.46,261.6118333333333,259.54,2023-03-30 02:36:37,True,-0.20000000000001705,-0.12235409274441274,Thursday,Wednesday,6 days
Riga,Letónia,375,220.44,Várias companhias aéreas,RIX,2023-11-17,2023-11-21,http://kayak.com/flights/NAP-RIX/2023-11-17/2023-11-21/,220.44,1.0,2023,11,NAP,220.71,220.71,220.71,2023-03-30 02:36:37,True,-0.27000000000001023,-0.12233247247519832,Friday,Tuesday,4 days
Siem Reap,Cambodja,2535,1379.81,Várias companhias aéreas,REP,2023-03-31,2023-04-07,http://kayak.com/flights/NAP-REP/2023-03-31/2023-04-07/,1379.81,1.0,2023,3,NAP,1381.5,1427.3466666666666,1387.84,2023-03-30 02:36:37,True,-1.6900000000000546,-0.12233079985523376,Friday,Friday,7 days
Pequim,China,1190,938.94,Várias companhias aéreas,BJS,2023-04-27,2023-05-04,http://kayak.com/flights/NAP-BJS/2023-04-27/2023-05-04/,938.94,1.0,2023,4,NAP,940.09,1114.3594444444445,1083.09,2023-03-30 02:36:37,True,-1.1499999999999773,-0.12232871320830743,Thursday,Thursday,7 days
Saba Island,Países Baixos Caribenhos,1585,1135.39,Várias companhias aéreas,SAB,2024-01-08,2024-01-14,http://kayak.com/flights/NAP-SAB/2024-01-08/2024-01-14/,1135.39,1.0,2024,1,NAP,1136.78,1136.78,1136.78,2023-03-30 02:36:37,True,-1.3899999999998727,-0.122275198367307,Monday,Sunday,6 days
Xangai,China,1840,857.77,Várias companhias aéreas,SHA,2023-04-11,2023-04-18,http://kayak.com/flights/NAP-SHA/2023-04-11/2023-04-18/,857.77,1.0,2023,4,NAP,858.82,1050.443043478261,981.05,2023-03-30 02:36:37,True,-1.0500000000000682,-0.12226077641415758,Tuesday,Tuesday,7 days
Aqaba,Jordânia,1050,416.9,Turkish Airlines,AQJ,2023-08-25,2023-08-30,http://kayak.com/flights/NAP-AQJ/2023-08-25/2023-08-30/,416.9,1.0,2023,8,NAP,417.41,520.99,477.28,2023-03-30 02:36:37,True,-0.5100000000000477,-0.12218202726337359,Friday,Wednesday,5 days
Papete,Polinésia Francesa,3290,2027.29,Várias companhias aéreas,PPT,2023-04-21,2023-04-25,http://kayak.com/flights/NAP-PPT/2023-04-21/2023-04-25/,2027.29,1.0,2023,4,NAP,2029.77,2029.77,2029.77,2023-03-30 02:36:37,True,-2.480000000000018,-0.1221813308897076,Friday,Tuesday,4 days
Hanói,Vietname,1530,1013.65,Várias companhias aéreas,HAN,2023-04-27,2023-05-04,http://kayak.com/flights/NAP-HAN/2023-04-27/2023-05-04/,1013.65,1.0,2023,4,NAP,1014.89,1033.1171428571429,1014.89,2023-03-30 02:36:37,True,-1.240000000000009,-0.12218072894599505,Thursday,Thursday,7 days
Katmandu,Nepal,2170,956.46,Várias companhias aéreas,KTM,2023-08-13,2023-08-17,http://kayak.com/flights/NAP-KTM/2023-08-13/2023-08-17/,956.46,1.0,2023,8,NAP,957.63,2350.9791666666665,3040.22,2023-03-30 02:36:37,True,-1.169999999999959,-0.12217662353935853,Sunday,Thursday,4 days
Puerto Iguazú,Argentina,2800,4022.29,Várias companhias aéreas,IGR,2023-04-28,2023-05-05,http://kayak.com/flights/NAP-IGR/2023-04-28/2023-05-05/,4022.29,1.0,2023,4,NAP,4027.21,4027.21,4027.21,2023-03-30 02:36:37,True,-4.920000000000073,-0.12216894574656083,Friday,Friday,7 days
Bishkek,Quirguizistão,1845,744.33,Turkish Airlines,FRU,2023-09-02,2023-09-09,http://kayak.com/flights/NAP-FRU/2023-09-02/2023-09-09/,744.33,1.0,2023,9,NAP,745.24,745.24,745.24,2023-03-30 02:36:37,True,-0.9099999999999682,-0.12210831410015138,Saturday,Saturday,7 days
San Pedro,Honduras,2308,1055.15,Várias companhias aéreas,SAP,2023-04-27,2023-05-04,http://kayak.com/flights/NAP-SAP/2023-04-27/2023-05-04/,1055.15,1.0,2023,4,NAP,1056.44,1056.44,1056.44,2023-03-30 02:36:37,True,-1.2899999999999636,-0.12210821248721777,Thursday,Thursday,7 days
Nashville,Estados Unidos,1748,621.66,British Airways,BNA,2023-05-19,2023-05-25,http://kayak.com/flights/NAP-BNA/2023-05-19/2023-05-25/,621.66,1.0,2023,5,NAP,622.42,622.99,622.42,2023-03-30 02:36:37,True,-0.7599999999999909,-0.12210404549982182,Friday,Thursday,6 days
Calama,Chile,2542,1128.94,Várias companhias aéreas,CJC,2023-05-05,2023-05-09,http://kayak.com/flights/NAP-CJC/2023-05-05/2023-05-09/,1128.94,1.0,2023,5,NAP,1130.32,1130.32,1130.32,2023-03-30 02:36:37,True,-1.3799999999998818,-0.12208931983861931,Friday,Tuesday,4 days
Bridgetown,Barbados,2675,1128.94,Várias companhias aéreas,BGI,2023-04-24,2023-04-28,http://kayak.com/flights/NAP-BGI/2023-04-24/2023-04-28/,1128.94,1.0,2023,4,NAP,1130.32,1457.5348387096774,1180.64,2023-03-30 02:36:37,True,-1.3799999999998818,-0.12208931983861931,Monday,Friday,4 days
Southampton,Reino Unido,735,769.23,British Airways,SOU,2023-08-03,2023-08-07,http://kayak.com/flights/NAP-SOU/2023-08-03/2023-08-07/,769.23,1.0,2023,8,NAP,770.17,772.53,773.71,2023-03-30 02:36:37,True,-0.9399999999999409,-0.12205097575859107,Thursday,Monday,4 days
Rapid City,Estados Unidos,1615,851.32,Delta,RAP,2023-09-05,2023-09-10,http://kayak.com/flights/NAP-RAP/2023-09-05/2023-09-10/,851.32,1.0,2023,9,NAP,852.36,852.36,852.36,2023-03-30 02:36:37,True,-1.0399999999999636,-0.12201417241540706,Tuesday,Sunday,5 days
Szczecin,Polónia,525,261.95,Várias companhias aéreas,SZZ,2023-04-24,2023-05-01,http://kayak.com/flights/NAP-SZZ/2023-04-24/2023-05-01/,261.95,1.0,2023,4,NAP,262.27,262.87,262.87,2023-03-30 02:36:37,True,-0.3199999999999932,-0.12201166736568925,Monday,Monday,7 days
Maputo,Moçambique,2140,728.65,TAP AIR PORTUGAL,MPM,2023-10-16,2023-10-23,http://kayak.com/flights/NAP-MPM/2023-10-16/2023-10-23/,728.65,1.0,2023,10,NAP,729.54,730.9757142857143,729.54,2023-03-30 02:36:37,True,-0.8899999999999864,-0.12199468158017196,Monday,Monday,7 days
Lima,Perú,2192,1129.86,Turkish Airlines,LIM,2023-08-03,2023-08-08,http://kayak.com/flights/NAP-LIM/2023-08-03/2023-08-08/,1129.86,1.0,2023,8,NAP,1131.24,1856.3055555555557,2214.57,2023-03-30 02:36:37,True,-1.3800000000001091,-0.1219900286411468,Thursday,Tuesday,5 days
León,Espanha,795,401.22,Várias companhias aéreas,LEN,2023-06-01,2023-06-05,http://kayak.com/flights/NAP-LEN/2023-06-01/2023-06-05/,401.22,1.0,2023,6,NAP,401.71,401.71,401.71,2023-03-30 02:36:37,True,-0.48999999999995225,-0.1219785417340749,Thursday,Monday,4 days
Saint John's,Antígua e Barbuda,2344,1187.97,American Airlines,ANU,2023-04-13,2023-04-20,http://kayak.com/flights/NAP-ANU/2023-04-13/2023-04-20/,1187.97,1.0,2023,4,NAP,1189.42,1191.76,1189.42,2023-03-30 02:36:37,True,-1.4500000000000455,-0.12190815691682041,Thursday,Thursday,7 days
Banjul,Gâmbia,1935,630.88,Várias companhias aéreas,BJL,2023-06-02,2023-06-08,http://kayak.com/flights/NAP-BJL/2023-06-02/2023-06-08/,630.88,1.0,2023,6,NAP,631.65,631.65,631.65,2023-03-30 02:36:37,True,-0.7699999999999818,-0.12190295258449804,Friday,Thursday,6 days
Puebla,México,2553,983.21,United Airlines,PBC,2023-04-26,2023-05-03,http://kayak.com/flights/NAP-PBC/2023-04-26/2023-05-03/,983.21,1.0,2023,4,NAP,984.41,987.0899999999999,988.93,2023-03-30 02:36:37,True,-1.1999999999999318,-0.12190042766732681,Wednesday,Wednesday,7 days
Kralendijk,Países Baixos Caribenhos,2265,1548.6,KLM,BON,2023-07-24,2023-07-30,http://kayak.com/flights/NAP-BON/2023-07-24/2023-07-30/,1548.6,1.0,2023,7,NAP,1550.49,1552.8633333333335,1550.49,2023-03-30 02:36:37,True,-1.8900000000001,-0.12189694870654438,Monday,Sunday,6 days
Tampere,Finlândia,705,295.15,Várias companhias aéreas,TMP,2023-05-08,2023-05-14,http://kayak.com/flights/NAP-TMP/2023-05-08/2023-05-14/,295.15,1.0,2023,5,NAP,295.51,295.51,295.51,2023-03-30 02:36:37,True,-0.36000000000001364,-0.12182328855199949,Monday,Sunday,6 days
Ontário,Estados Unidos,1435,590.3,British Airways,ONT,2023-06-14,2023-06-21,http://kayak.com/flights/NAP-ONT/2023-06-14/2023-06-21/,590.3,1.0,2023,6,NAP,591.02,1083.1299999999999,877.69,2023-03-30 02:36:37,True,-0.7200000000000273,-0.12182328855199949,Wednesday,Wednesday,7 days
Grande Caimão,Ilhas Cayman,1820,967.53,Várias companhias aéreas,GCM,2023-09-09,2023-09-16,http://kayak.com/flights/NAP-GCM/2023-09-09/2023-09-16/,967.53,1.0,2023,9,NAP,968.71,970.6171428571428,968.71,2023-03-30 02:36:37,True,-1.1800000000000637,-0.12181148124826456,Saturday,Saturday,7 days
Carachi,Paquistão,2305,484.23,Várias companhias aéreas,KHI,2023-04-24,2023-04-28,http://kayak.com/flights/NAP-KHI/2023-04-24/2023-04-28/,484.23,1.0,2023,4,NAP,484.82,484.82,484.82,2023-03-30 02:36:37,True,-0.589999999999975,-0.12169464956065654,Monday,Friday,4 days
Nairobi,Quénia,1015,878.99,Várias companhias aéreas,NBO,2024-01-03,2024-01-07,http://kayak.com/flights/NAP-NBO/2024-01-03/2024-01-07/,878.99,1.0,2024,1,NAP,880.06,964.0975,964.055,2023-03-30 02:36:37,True,-1.0699999999999363,-0.12158261936685412,Wednesday,Sunday,4 days
Vitória,Espanha,1895,230.59,Várias companhias aéreas,VIT,2023-04-06,2023-04-10,http://kayak.com/flights/NAP-VIT/2023-04-06/2023-04-10/,230.59,1.0,2023,4,NAP,230.87,231.3242857142857,230.87,2023-03-30 02:36:37,True,-0.28000000000000114,-0.12128037423658385,Thursday,Monday,4 days
Rijeka,Croácia,1725,247.19,Várias companhias aéreas,RJK,2023-06-03,2023-06-10,http://kayak.com/flights/NAP-RJK/2023-06-03/2023-06-10/,247.19,1.0,2023,6,NAP,247.49,254.51833333333335,247.49,2023-03-30 02:36:37,True,-0.30000000000001137,-0.12121701886945385,Saturday,Saturday,7 days
Brest,França,1090,263.79,Várias companhias aéreas,BES,2023-08-10,2023-08-16,http://kayak.com/flights/NAP-BES/2023-08-10/2023-08-16/,263.79,1.0,2023,8,NAP,264.11,264.922,265.33,2023-03-30 02:36:37,True,-0.3199999999999932,-0.12116163719662003,Thursday,Wednesday,6 days
Esmirna,Turquia,980,263.79,Várias companhias aéreas,IZM,2023-05-10,2023-05-14,http://kayak.com/flights/NAP-IZM/2023-05-10/2023-05-14/,263.79,1.0,2023,5,NAP,264.11,264.51666666666665,264.11,2023-03-30 02:36:37,True,-0.3199999999999932,-0.12116163719662003,Wednesday,Sunday,4 days
Paleochori,Grécia,480,313.6,Várias companhias aéreas,MLO,2023-09-07,2023-09-12,http://kayak.com/flights/NAP-MLO/2023-09-07/2023-09-12/,313.6,1.0,2023,9,NAP,313.98,345.63125,355.86,2023-03-30 02:36:37,True,-0.37999999999999545,-0.12102681699471159,Thursday,Tuesday,5 days
Estrasburgo,França,680,313.6,Várias companhias aéreas,SXB,2023-12-07,2023-12-11,http://kayak.com/flights/NAP-SXB/2023-12-07/2023-12-11/,313.6,1.0,2023,12,NAP,313.98,480.942380952381,330.86,2023-03-30 02:36:37,True,-0.37999999999999545,-0.12102681699471159,Thursday,Monday,4 days
Tours,França,1175,388.31,Ryanair,TUF,2023-04-07,2023-04-11,http://kayak.com/flights/NAP-TUF/2023-04-07/2023-04-11/,388.31,1.0,2023,4,NAP,388.78,389.67499999999995,389.67499999999995,2023-03-30 02:36:37,True,-0.46999999999997044,-0.12089099233498907,Friday,Tuesday,4 days
Mascate,Omã,730,289.62,Várias companhias aéreas,MCT,2023-04-26,2023-05-03,http://kayak.com/flights/NAP-MCT/2023-04-26/2023-05-03/,289.62,1.0,2023,4,NAP,289.97,1091.8461538461538,643.34,2023-03-30 02:36:37,True,-0.35000000000002274,-0.1207021416008631,Wednesday,Wednesday,7 days
Aalborg,Dinamarca,630,132.82,Várias companhias aéreas,AAL,2023-05-11,2023-05-16,http://kayak.com/flights/NAP-AAL/2023-05-11/2023-05-16/,132.82,1.0,2023,5,NAP,132.98,133.24142857142857,132.98,2023-03-30 02:36:37,True,-0.1599999999999966,-0.12031884493908603,Thursday,Tuesday,5 days
Billund,Dinamarca,655,91.32,Ryanair,BLL,2023-04-26,2023-04-30,http://kayak.com/flights/NAP-BLL/2023-04-26/2023-04-30/,91.32,1.0,2023,4,NAP,91.43,172.7504255319149,212.84,2023-03-30 02:36:37,True,-0.11000000000001364,-0.12031062014657512,Wednesday,Sunday,4 days
Zadar,Croácia,840,92.24,Ryanair,ZAD,2023-07-19,2023-07-25,http://kayak.com/flights/NAP-ZAD/2023-07-19/2023-07-25/,92.24,1.0,2023,7,NAP,92.35,225.71420289855072,197.33,2023-03-30 02:36:37,True,-0.10999999999999943,-0.11911207363291763,Wednesday,Tuesday,6 days
Condado de Derry,Reino Unido,820,162.34,Várias companhias aéreas,LDY,2023-04-27,2023-05-04,http://kayak.com/flights/NAP-LDY/2023-04-27/2023-05-04/,162.34,1.0,2023,4,NAP,162.53,162.53,162.53,2023-03-30 02:36:37,True,-0.18999999999999773,-0.11690149510859393,Thursday,Thursday,7 days
Cluj,Roménia,125,59.96,Wizz Air,CLJ,2023-04-25,2023-05-02,http://kayak.com/flights/NAP-CLJ/2023-04-25/2023-05-02/,59.96,1.0,2023,4,NAP,60.03,156.42846153846153,75.2,2023-03-30 02:36:37,True,-0.07000000000000028,-0.11660836248542443,Tuesday,Tuesday,7 days
Catânia,Itália,70,25.83,Ryanair,CTA,2023-05-05,2023-05-09,http://kayak.com/flights/NAP-CTA/2023-05-05/2023-05-09/,25.83,1.0,2023,5,NAP,25.86,36.3970786516854,33.1,2023-03-30 02:36:37,True,-0.030000000000001137,-0.11600928074246379,Friday,Tuesday,4 days
Salónica,Grécia,95,35.98,Ryanair,SKG,2023-05-17,2023-05-23,http://kayak.com/flights/NAP-SKG/2023-05-17/2023-05-23/,35.98,1.0,2023,5,NAP,36.02,136.50571428571428,78.35,2023-03-30 02:36:37,True,-0.04000000000000625,-0.11104941699057816,Wednesday,Tuesday,6 days
Milão,Itália,95,28.6,Ryanair,MIL,2023-05-11,2023-05-16,http://kayak.com/flights/NAP-MIL/2023-05-11/2023-05-16/,28.6,1.0,2023,5,NAP,28.63,35.444,35.86,2023-03-30 02:36:37,True,-0.029999999999997584,-0.10478519035975406,Thursday,Tuesday,5 days
Lisboa,Portugal,530,99.62,Várias companhias aéreas,LIS,2023-06-06,2023-06-13,http://kayak.com/flights/NAP-LIS/2023-06-06/2023-06-13/,99.62,1.0,2023,6,NAP,99.71,131.10108695652173,123.85,2023-03-30 02:36:37,True,-0.0899999999999892,-0.09026175910138322,Tuesday,Tuesday,7 days
