City,Country,Duration,Price,Airline,Airport,Depart,Return,Link,MinPrice,is_MinPrice,year_depart,month_depart,CityOrigin,minPrice,meanPrice,medianPrice,timestamp,is_smaller,difPrice,difPricePct
Busan,Coreia do Sul,1915,1389.9,Várias companhias aéreas,PUS,2023-03-29,2023-04-02,http://kayak.com/flights/MXP-PUS/2023-03-29/2023-04-02/,1389.9,1.0,2023,3,MXP,3566.02,3579.714285714286,3579.0,2023-03-22 02:32:04,True,-2176.12,-61.023774403957354
Bilbau,Espanha,120,39.08,Vueling,BIO,2023-05-03,2023-05-10,http://kayak.com/flights/MXP-BIO/2023-05-03/2023-05-10/,39.08,1.0,2023,5,MXP,74.49,144.92307692307693,99.295,2023-03-22 02:32:04,True,-35.41,-47.536582091555914
Baku,Azerbeijão,1045,217.7,LOT,GYD,2023-06-19,2023-06-24,http://kayak.com/flights/MXP-GYD/2023-06-19/2023-06-24/,217.7,1.0,2023,6,MXP,352.5,452.8107142857143,453.765,2023-03-22 02:32:04,True,-134.8,-38.24113475177305
São Sebastião,Espanha,1110,102.34,Várias companhias aéreas,EAS,2023-05-15,2023-05-22,http://kayak.com/flights/MXP-EAS/2023-05-15/2023-05-22/,102.34,1.0,2023,5,MXP,156.49,259.7635714285714,252.41500000000002,2023-03-22 02:32:04,True,-54.150000000000006,-34.60285002236565
Hamilton,Canadá,2060,586.11,Várias companhias aéreas,YHM,2023-10-10,2023-10-14,http://kayak.com/flights/MXP-YHM/2023-10-10/2023-10-14/,586.11,1.0,2023,10,MXP,890.06,892.9355555555555,890.54,2023-03-22 02:32:04,True,-303.94999999999993,-34.149383187650265
Fairbanks,Estados Unidos,1870,862.41,Várias companhias aéreas,FAI,2023-04-20,2023-04-26,http://kayak.com/flights/MXP-FAI/2023-04-20/2023-04-26/,862.41,1.0,2023,4,MXP,1281.59,1367.0938888888888,1366.7350000000001,2023-03-22 02:32:04,True,-419.17999999999995,-32.70780826941533
Tóquio,Japão,1390,621.46,Air China,TYO,2023-05-08,2023-05-14,http://kayak.com/flights/MXP-TYO/2023-05-08/2023-05-14/,621.46,1.0,2023,5,MXP,801.18,999.5045833333334,987.41,2023-03-22 02:32:04,True,-179.7199999999999,-22.431912928430556
Varsóvia,Polónia,840,80.01,Ryanair,WAW,2023-06-28,2023-07-04,http://kayak.com/flights/MXP-WAW/2023-06-28/2023-07-04/,80.01,1.0,2023,6,MXP,98.7,123.79666666666667,127.875,2023-03-22 02:32:04,True,-18.689999999999998,-18.936170212765955
Toronto,Canadá,1545,332.13,Scandinavian Airlines,YYZ,2023-09-26,2023-10-02,http://kayak.com/flights/MXP-YYZ/2023-09-26/2023-10-02/,332.13,1.0,2023,9,MXP,395.55,456.47666666666663,454.48,2023-03-22 02:32:04,True,-63.420000000000016,-16.033371255214263
Narvik,Noruega,640,252.12,Scandinavian Airlines,EVE,2023-10-27,2023-10-31,http://kayak.com/flights/MXP-EVE/2023-10-27/2023-10-31/,252.12,1.0,2023,10,MXP,300.04,370.69,394.24,2023-03-22 02:32:04,True,-47.920000000000016,-15.971203839488071
"Washington, D.C.",Estados Unidos,1530,361.9,Scandinavian Airlines,WAS,2023-11-15,2023-11-22,http://kayak.com/flights/MXP-WAS/2023-11-15/2023-11-22/,361.9,1.0,2023,11,MXP,429.27,434.7175,435.74,2023-03-22 02:32:04,True,-67.37,-15.694085307615255
Guadalajara,México,2180,769.38,Iberia,GDL,2023-03-31,2023-04-06,http://kayak.com/flights/MXP-GDL/2023-03-31/2023-04-06/,769.38,1.0,2023,3,MXP,896.7,1074.588125,897.0699999999999,2023-03-22 02:32:04,True,-127.32000000000005,-14.198728671796593
Calgary,Canadá,2110,697.74,Várias companhias aéreas,YYC,2023-09-09,2023-09-16,http://kayak.com/flights/MXP-YYC/2023-09-09/2023-09-16/,697.74,1.0,2023,9,MXP,811.69,3772.025882352941,6400.34,2023-03-22 02:32:04,True,-113.95000000000005,-14.038610799689542
Fayetteville,Estados Unidos,2317,534.94,British Airways,FAY,2023-04-19,2023-04-26,http://kayak.com/flights/MXP-FAY/2023-04-19/2023-04-26/,534.94,1.0,2023,4,MXP,592.36,690.6425,599.345,2023-03-22 02:32:04,True,-57.41999999999996,-9.693429671145918
Helsínquia,Finlândia,715,133.04,Air France,HEL,2023-10-14,2023-10-18,http://kayak.com/flights/MXP-HEL/2023-10-14/2023-10-18/,133.04,1.0,2023,10,MXP,147.01,147.01,147.01,2023-03-22 02:32:04,True,-13.969999999999999,-9.502754914631657
Adelaide,Austrália,1900,1595.5,Várias companhias aéreas,ADL,2023-04-05,2023-04-09,http://kayak.com/flights/MXP-ADL/2023-04-05/2023-04-09/,1595.5,1.0,2023,4,MXP,1754.56,2395.0461538461536,2658.91,2023-03-22 02:32:04,True,-159.05999999999995,-9.065520700346523
Nápoles,Itália,95,33.5,Ryanair,NAP,2023-07-09,2023-07-14,http://kayak.com/flights/MXP-NAP/2023-07-09/2023-07-14/,33.5,1.0,2023,7,MXP,36.5,37.80266666666667,37.62,2023-03-22 02:32:04,True,-3.0,-8.21917808219178
Leeds,Reino Unido,735,229.79,Várias companhias aéreas,LBA,2023-04-20,2023-04-27,http://kayak.com/flights/MXP-LBA/2023-04-20/2023-04-27/,229.79,1.0,2023,4,MXP,249.38,482.65267857142857,357.16,2023-03-22 02:32:04,True,-19.590000000000003,-7.855481594354
Katmandu,Nepal,2545,555.41,Várias companhias aéreas,KTM,2023-05-14,2023-05-21,http://kayak.com/flights/MXP-KTM/2023-05-14/2023-05-21/,555.41,1.0,2023,5,MXP,591.75,748.0845454545455,736.81,2023-03-22 02:32:04,True,-36.34000000000003,-6.14110688635404
Willemstad,Curaçao,1765,956.37,Várias companhias aéreas,CUR,2023-09-14,2023-09-21,http://kayak.com/flights/MXP-CUR/2023-09-14/2023-09-21/,956.37,1.0,2023,9,MXP,1012.86,1013.415,1013.415,2023-03-22 02:32:04,True,-56.49000000000001,-5.5772762277116295
Alicante,Espanha,130,47.45,Ryanair,ALC,2023-09-16,2023-09-23,http://kayak.com/flights/MXP-ALC/2023-09-16/2023-09-23/,47.45,1.0,2023,9,MXP,49.57,127.11,63.405,2023-03-22 02:32:04,True,-2.1199999999999974,-4.2767803106717714
Alexandria,Egito,240,93.04,Wizz Air,HBE,2023-05-04,2023-05-11,http://kayak.com/flights/MXP-HBE/2023-05-04/2023-05-11/,93.04,1.0,2023,5,MXP,97.12,165.23866666666666,130.69,2023-03-22 02:32:04,True,-4.079999999999998,-4.200988467874792
Dubai,Emirados Árabes Unidos,1295,280.96,Várias companhias aéreas,DXB,2023-06-05,2023-06-11,http://kayak.com/flights/MXP-DXB/2023-06-05/2023-06-11/,280.96,1.0,2023,6,MXP,290.58,367.235,355.14,2023-03-22 02:32:04,True,-9.620000000000005,-3.310620139032282
Toulouse,França,815,72.57,Ryanair,TLS,2023-04-18,2023-04-25,http://kayak.com/flights/MXP-TLS/2023-04-18/2023-04-25/,72.57,1.0,2023,4,MXP,74.63,165.595873015873,153.78,2023-03-22 02:32:04,True,-2.0600000000000023,-2.7602840680691445
Ajácio,França,1545,222.35,Várias companhias aéreas,AJA,2023-06-29,2023-07-06,http://kayak.com/flights/MXP-AJA/2023-06-29/2023-07-06/,222.35,1.0,2023,6,MXP,227.0,313.39528571428576,277.85,2023-03-22 02:32:04,True,-4.650000000000006,-2.048458149779738
Xangai,China,1825,757.29,British Airways,SHA,2023-10-09,2023-10-15,http://kayak.com/flights/MXP-SHA/2023-10-09/2023-10-15/,757.29,1.0,2023,10,MXP,771.47,855.4028571428571,865.81,2023-03-22 02:32:04,True,-14.180000000000064,-1.8380494380857406
Pagadian,Filipinas,1675,1417.81,Várias companhias aéreas,PAG,2023-03-24,2023-03-31,http://kayak.com/flights/MXP-PAG/2023-03-24/2023-03-31/,1417.81,1.0,2023,3,MXP,1430.98,1455.077142857143,1433.97,2023-03-22 02:32:04,True,-13.170000000000073,-0.9203482927783807
Columbus,Estados Unidos,2004,781.47,Várias companhias aéreas,CMH,2023-06-28,2023-07-02,http://kayak.com/flights/MXP-CMH/2023-06-28/2023-07-02/,781.47,1.0,2023,6,MXP,787.5,917.5324561403509,890.49,2023-03-22 02:32:04,True,-6.029999999999973,-0.7657142857142822
Thiruvananthapuram,Índia,840,1068.94,Qatar Airways,TRV,2023-11-30,2023-12-07,http://kayak.com/flights/MXP-TRV/2023-11-30/2023-12-07/,1068.94,1.0,2023,11,MXP,1075.95,1075.95,1075.95,2023-03-22 02:32:04,True,-7.009999999999991,-0.6515172638133734
Kythira,Grécia,1615,266.08,Várias companhias aéreas,KIT,2023-07-18,2023-07-23,http://kayak.com/flights/MXP-KIT/2023-07-18/2023-07-23/,266.08,1.0,2023,7,MXP,267.73,268.01,268.01,2023-03-22 02:32:04,True,-1.650000000000034,-0.6162925335225914
Palma de Maiorca,Espanha,105,21.4,Ryanair,PMI,2023-05-08,2023-05-12,http://kayak.com/flights/MXP-PMI/2023-05-08/2023-05-12/,21.4,1.0,2023,5,MXP,21.51,46.61707692307692,42.62,2023-03-22 02:32:04,True,-0.11000000000000298,-0.5113900511390189
Valência,Espanha,120,42.8,Ryanair,VLC,2023-06-14,2023-06-21,http://kayak.com/flights/MXP-VLC/2023-06-14/2023-06-21/,42.8,1.0,2023,6,MXP,43.01,92.0996875,55.375,2023-03-22 02:32:04,True,-0.21000000000000085,-0.4882585445245312
Rabate,Marrocos,770,80.01,Várias companhias aéreas,RBA,2023-05-09,2023-05-16,http://kayak.com/flights/MXP-RBA/2023-05-09/2023-05-16/,80.01,1.0,2023,5,MXP,80.4,182.07923076923075,174.45,2023-03-22 02:32:04,True,-0.39000000000000057,-0.4850746268656723
Zaquinto,Grécia,325,80.01,Várias companhias aéreas,ZTH,2023-06-19,2023-06-26,http://kayak.com/flights/MXP-ZTH/2023-06-19/2023-06-26/,80.01,1.0,2023,6,MXP,80.4,146.22227848101267,128.55,2023-03-22 02:32:04,True,-0.39000000000000057,-0.4850746268656723
Bruxelas,Bélgica,95,78.15,Brussels Airlines,BRU,2023-06-14,2023-06-19,http://kayak.com/flights/MXP-BRU/2023-06-14/2023-06-19/,78.15,1.0,2023,6,MXP,78.53,88.80142857142857,83.04,2023-03-22 02:32:04,True,-0.37999999999999545,-0.48389150643065765
Comiso,Itália,120,39.08,Ryanair,CIY,2023-03-28,2023-04-04,http://kayak.com/flights/MXP-CIY/2023-03-28/2023-04-04/,39.08,1.0,2023,3,MXP,39.27,53.9486075949367,44.58,2023-03-22 02:32:04,True,-0.19000000000000483,-0.48382989559461376
Timişoara,Roménia,925,144.2,Várias companhias aéreas,TSR,2023-05-22,2023-05-26,http://kayak.com/flights/MXP-TSR/2023-05-22/2023-05-26/,144.2,1.0,2023,5,MXP,144.9,194.12833333333333,198.745,2023-03-22 02:32:04,True,-0.700000000000017,-0.4830917874396253
Vitória,Espanha,685,113.5,Ryanair,VIT,2023-03-28,2023-04-03,http://kayak.com/flights/MXP-VIT/2023-03-28/2023-04-03/,113.5,1.0,2023,3,MXP,114.05,133.83,138.47,2023-03-22 02:32:04,True,-0.5499999999999972,-0.48224462954844116
Marselha,França,945,84.66,Várias companhias aéreas,MRS,2023-05-04,2023-05-08,http://kayak.com/flights/MXP-MRS/2023-05-04/2023-05-08/,84.66,1.0,2023,5,MXP,85.07,145.15699999999998,104.3,2023-03-22 02:32:04,True,-0.4099999999999966,-0.4819560362054739
Breslavia,Polónia,1270,101.41,Várias companhias aéreas,WRO,2023-05-10,2023-05-16,http://kayak.com/flights/MXP-WRO/2023-05-10/2023-05-16/,101.41,1.0,2023,5,MXP,101.9,144.66333333333333,121.58,2023-03-22 02:32:04,True,-0.4900000000000091,-0.48086359175663307
Newark,Estados Unidos,1480,285.61,Scandinavian Airlines,EWR,2023-10-14,2023-10-21,http://kayak.com/flights/MXP-EWR/2023-10-14/2023-10-21/,285.61,1.0,2023,10,MXP,286.99,349.32625,352.31,2023-03-22 02:32:04,True,-1.3799999999999955,-0.48085299139342674
Haugesund,Noruega,1085,285.61,Várias companhias aéreas,HAU,2023-04-27,2023-05-01,http://kayak.com/flights/MXP-HAU/2023-04-27/2023-05-01/,285.61,1.0,2023,4,MXP,286.99,467.91999999999996,488.0,2023-03-22 02:32:04,True,-1.3799999999999955,-0.48085299139342674
Nova Iorque,Estados Unidos,1480,285.61,Scandinavian Airlines,NYC,2023-10-14,2023-10-21,http://kayak.com/flights/MXP-NYC/2023-10-14/2023-10-21/,285.61,1.0,2023,10,MXP,286.99,338.277,351.96000000000004,2023-03-22 02:32:04,True,-1.3799999999999955,-0.48085299139342674
Ancona,Itália,345,253.05,Várias companhias aéreas,AOI,2023-04-20,2023-04-27,http://kayak.com/flights/MXP-AOI/2023-04-20/2023-04-27/,253.05,1.0,2023,4,MXP,254.27,576.8925,641.45,2023-03-22 02:32:04,True,-1.2199999999999989,-0.4798049317654457
Munique,Alemanha,70,143.27,Lufthansa,MUC,2023-04-20,2023-04-27,http://kayak.com/flights/MXP-MUC/2023-04-20/2023-04-27/,143.27,1.0,2023,4,MXP,143.96,201.7497619047619,186.7,2023-03-22 02:32:04,True,-0.6899999999999977,-0.4792998055015266
Norfolk,Estados Unidos,1235,573.08,Delta,ORF,2023-04-20,2023-04-27,http://kayak.com/flights/MXP-ORF/2023-04-20/2023-04-27/,573.08,1.0,2023,4,MXP,575.84,667.4061538461539,635.655,2023-03-22 02:32:04,True,-2.759999999999991,-0.4792998055015266
Stavanger,Noruega,570,222.35,Várias companhias aéreas,SVG,2023-06-16,2023-06-22,http://kayak.com/flights/MXP-SVG/2023-06-16/2023-06-22/,222.35,1.0,2023,6,MXP,223.42,305.20642857142855,277.45,2023-03-22 02:32:04,True,-1.0699999999999932,-0.47891862859188666
Lourdes,França,100,97.69,easyJet,LDE,2023-05-08,2023-05-12,http://kayak.com/flights/MXP-LDE/2023-05-08/2023-05-12/,97.69,1.0,2023,5,MXP,98.16,178.03357142857143,145.93,2023-03-22 02:32:04,True,-0.46999999999999886,-0.4788101059494691
Gaborone,Botsuana,1895,752.63,Várias companhias aéreas,GBE,2023-04-11,2023-04-18,http://kayak.com/flights/MXP-GBE/2023-04-11/2023-04-18/,752.63,1.0,2023,4,MXP,756.25,789.3833962264151,784.77,2023-03-22 02:32:04,True,-3.6200000000000045,-0.4786776859504138
Victoria,Seicheles,1060,521.91,Etihad Airways,SEZ,2023-05-09,2023-05-15,http://kayak.com/flights/MXP-SEZ/2023-05-09/2023-05-15/,521.91,1.0,2023,5,MXP,524.42,660.1382051282051,590.89,2023-03-22 02:32:04,True,-2.509999999999991,-0.4786240036611859
Miami,Estados Unidos,1970,326.55,Scandinavian Airlines,MIA,2024-01-29,2024-02-04,http://kayak.com/flights/MXP-MIA/2024-01-29/2024-02-04/,326.55,1.0,2024,1,MXP,328.12,328.12,328.12,2023-03-22 02:32:04,True,-1.5699999999999932,-0.47848348165305166
Paris,França,90,35.36,Vueling,PAR,2023-04-15,2023-04-19,http://kayak.com/flights/MXP-PAR/2023-04-15/2023-04-19/,35.36,1.0,2023,4,MXP,35.53,55.69222222222223,54.9,2023-03-22 02:32:04,True,-0.1700000000000017,-0.4784688995215359
Grand'Anse Praslin,Seicheles,2500,1437.35,Várias companhias aéreas,PRI,2024-01-01,2024-01-08,http://kayak.com/flights/MXP-PRI/2024-01-01/2024-01-08/,1437.35,1.0,2024,1,MXP,1444.26,1444.26,1444.26,2023-03-22 02:32:04,True,-6.910000000000082,-0.47844570922133706
Penang,Malásia,3095,811.24,Várias companhias aéreas,PEN,2023-03-28,2023-04-01,http://kayak.com/flights/MXP-PEN/2023-03-28/2023-04-01/,811.24,1.0,2023,3,MXP,815.14,832.4869999999999,825.39,2023-03-22 02:32:04,True,-3.8999999999999773,-0.47844542041857563
Aracaju,Brasil,2220,1127.55,Várias companhias aéreas,AJU,2023-04-20,2023-04-27,http://kayak.com/flights/MXP-AJU/2023-04-20/2023-04-27/,1127.55,1.0,2023,4,MXP,1132.97,1132.97,1132.97,2023-03-22 02:32:04,True,-5.420000000000073,-0.47838865989391355
Bergerac,França,740,774.03,Várias companhias aéreas,EGC,2023-04-20,2023-04-27,http://kayak.com/flights/MXP-EGC/2023-04-20/2023-04-27/,774.03,1.0,2023,4,MXP,777.75,777.75,777.75,2023-03-22 02:32:04,True,-3.7200000000000273,-0.478302796528451
Roanoke,Estados Unidos,1664,1256.87,Várias companhias aéreas,ROA,2023-08-09,2023-08-15,http://kayak.com/flights/MXP-ROA/2023-08-09/2023-08-15/,1256.87,1.0,2023,8,MXP,1262.91,1262.91,1262.91,2023-03-22 02:32:04,True,-6.040000000000191,-0.47826052529477087
Jogjacarta,Indonésia,1960,1546.2,Várias companhias aéreas,YIA,2023-08-03,2023-08-09,http://kayak.com/flights/MXP-YIA/2023-08-03/2023-08-09/,1546.2,1.0,2023,8,MXP,1553.63,1553.63,1553.63,2023-03-22 02:32:04,True,-7.430000000000064,-0.47823484355992496
Cidade do México,México,1365,676.35,Air Canada,MEX,2024-02-05,2024-02-11,http://kayak.com/flights/MXP-MEX/2024-02-05/2024-02-11/,676.35,1.0,2024,2,MXP,679.6,679.6,679.6,2023-03-22 02:32:04,True,-3.25,-0.4782224838140082
Assunção,Paraguai,2395,1255.01,Várias companhias aéreas,ASU,2023-04-13,2023-04-19,http://kayak.com/flights/MXP-ASU/2023-04-13/2023-04-19/,1255.01,1.0,2023,4,MXP,1261.04,1979.1915789473685,1621.13,2023-03-22 02:32:04,True,-6.029999999999973,-0.47817674300577084
Almaty,Cazaquistão,1115,491.21,Turkish Airlines,ALA,2023-04-20,2023-04-27,http://kayak.com/flights/MXP-ALA/2023-04-20/2023-04-27/,491.21,1.0,2023,4,MXP,493.57,625.0825806451613,646.01,2023-03-22 02:32:04,True,-2.3600000000000136,-0.47814899608971645
Mwanza,Tanzânia,2645,699.61,Várias companhias aéreas,MWZ,2023-04-20,2023-04-27,http://kayak.com/flights/MXP-MWZ/2023-04-20/2023-04-27/,699.61,1.0,2023,4,MXP,702.97,702.97,702.97,2023-03-22 02:32:04,True,-3.3600000000000136,-0.4779720329459313
Eindhoven,Holanda,1355,131.18,Várias companhias aéreas,EIN,2023-06-14,2023-06-19,http://kayak.com/flights/MXP-EIN/2023-06-14/2023-06-19/,131.18,1.0,2023,6,MXP,131.81,218.14692307692306,192.63,2023-03-22 02:32:04,True,-0.6299999999999955,-0.4779607010090247
Armênia,Colômbia,2053,1372.23,Várias companhias aéreas,AXM,2023-08-12,2023-08-19,http://kayak.com/flights/MXP-AXM/2023-08-12/2023-08-19/,1372.23,1.0,2023,8,MXP,1378.82,1378.82,1378.82,2023-03-22 02:32:04,True,-6.589999999999918,-0.47794490941529116
Aktau,Cazaquistão,1765,489.35,Turkish Airlines,SCO,2023-07-25,2023-07-31,http://kayak.com/flights/MXP-SCO/2023-07-25/2023-07-31/,489.35,1.0,2023,7,MXP,491.7,491.7,491.7,2023-03-22 02:32:04,True,-2.349999999999966,-0.4779336994102026
Maun,Botsuana,2905,934.98,Várias companhias aéreas,MUB,2023-04-11,2023-04-18,http://kayak.com/flights/MXP-MUB/2023-04-11/2023-04-18/,934.98,1.0,2023,4,MXP,939.47,939.47,939.47,2023-03-22 02:32:04,True,-4.490000000000009,-0.4779290450998977
Trapani,Itália,1000,87.46,Várias companhias aéreas,TPS,2023-05-23,2023-05-29,http://kayak.com/flights/MXP-TPS/2023-05-23/2023-05-29/,87.46,1.0,2023,5,MXP,87.88,250.06075757575755,159.55,2023-03-22 02:32:04,True,-0.4200000000000017,-0.4779244424214858
Hamburgo,Alemanha,110,87.46,Eurowings,HAM,2024-01-29,2024-02-02,http://kayak.com/flights/MXP-HAM/2024-01-29/2024-02-02/,87.46,1.0,2024,1,MXP,87.88,87.88,87.88,2023-03-22 02:32:04,True,-0.4200000000000017,-0.4779244424214858
Auckland,Nova Zelândia,2645,1691.33,Várias companhias aéreas,AKL,2023-12-26,2024-01-02,http://kayak.com/flights/MXP-AKL/2023-12-26/2024-01-02/,1691.33,1.0,2023,12,MXP,1699.45,3934.9966666666664,4826.525,2023-03-22 02:32:04,True,-8.120000000000118,-0.4778016417076182
Enfidha,Tunísia,1430,470.75,Várias companhias aéreas,NBE,2023-09-08,2023-09-15,http://kayak.com/flights/MXP-NBE/2023-09-08/2023-09-15/,470.75,1.0,2023,9,MXP,473.01,473.01,473.01,2023-03-22 02:32:04,True,-2.259999999999991,-0.4777911672057654
San José,Costa Rica,1687,670.77,Air France,SJO,2024-02-05,2024-02-11,http://kayak.com/flights/MXP-SJO/2024-02-05/2024-02-11/,670.77,1.0,2024,2,MXP,673.99,673.99,673.99,2023-03-22 02:32:04,True,-3.2200000000000273,-0.4777518954287196
Fucheu,China,1495,1254.08,Air China,FOC,2023-04-20,2023-04-27,http://kayak.com/flights/MXP-FOC/2023-04-20/2023-04-27/,1254.08,1.0,2023,4,MXP,1260.1,1260.1,1260.1,2023-03-22 02:32:04,True,-6.019999999999982,-0.47773986191571954
Ras Al Khaimah,Emirados Árabes Unidos,580,556.34,Gulf Air,RKT,2023-11-09,2023-11-13,http://kayak.com/flights/MXP-RKT/2023-11-09/2023-11-13/,556.34,1.0,2023,11,MXP,559.01,559.01,559.01,2023-03-22 02:32:04,True,-2.669999999999959,-0.4776300960626749
Kastelorizo,Grécia,2340,468.89,Aegean Airlines,KZS,2023-03-24,2023-03-31,http://kayak.com/flights/MXP-KZS/2023-03-24/2023-03-31/,468.89,1.0,2023,3,MXP,471.14,471.14,471.14,2023-03-22 02:32:04,True,-2.25,-0.47756505497304413
Denver,Estados Unidos,2088,675.42,Air Canada,DEN,2023-10-31,2023-11-05,http://kayak.com/flights/MXP-DEN/2023-10-31/2023-11-05/,675.42,1.0,2023,10,MXP,678.66,1716.0275,1577.0749999999998,2023-03-22 02:32:04,True,-3.240000000000009,-0.47741136946335566
Omaha,Estados Unidos,1070,673.56,KLM,OMA,2023-04-20,2023-04-25,http://kayak.com/flights/MXP-OMA/2023-04-20/2023-04-25/,673.56,1.0,2023,4,MXP,676.79,1568.0595238095239,1151.7,2023-03-22 02:32:04,True,-3.230000000000018,-0.4772529144934202
Joensuu,Finlândia,825,323.76,Finnair,JOE,2023-07-10,2023-07-17,http://kayak.com/flights/MXP-JOE/2023-07-10/2023-07-17/,323.76,1.0,2023,7,MXP,325.31,325.31,325.31,2023-03-22 02:32:04,True,-1.5500000000000114,-0.47646859918232193
Espargos,Cabo Verde,1520,407.49,TAP AIR PORTUGAL,SID,2023-11-06,2023-11-12,http://kayak.com/flights/MXP-SID/2023-11-06/2023-11-12/,407.49,1.0,2023,11,MXP,409.44,457.25,453.91,2023-03-22 02:32:04,True,-1.9499999999999886,-0.47626025791324456
Istambul,Turquia,555,133.97,Várias companhias aéreas,IST,2023-04-14,2023-04-19,http://kayak.com/flights/MXP-IST/2023-04-14/2023-04-19/,133.97,1.0,2023,4,MXP,134.61,181.89384615384614,171.52,2023-03-22 02:32:04,True,-0.6400000000000148,-0.4754475893321557
Fes,Marrocos,650,92.11,Várias companhias aéreas,FEZ,2023-05-03,2023-05-10,http://kayak.com/flights/MXP-FEZ/2023-05-03/2023-05-10/,92.11,1.0,2023,5,MXP,92.55,144.29,125.91,2023-03-22 02:32:04,True,-0.4399999999999977,-0.47541869259859293
Edimburgo,Reino Unido,895,66.99,Várias companhias aéreas,EDI,2023-05-24,2023-05-31,http://kayak.com/flights/MXP-EDI/2023-05-24/2023-05-31/,66.99,1.0,2023,5,MXP,67.31,121.22323529411766,91.535,2023-03-22 02:32:04,True,-0.3200000000000074,-0.47541227157927113
Karlsruhe,Alemanha,710,148.86,Ryanair,FKB,2023-06-11,2023-06-15,http://kayak.com/flights/MXP-FKB/2023-06-11/2023-06-15/,148.86,1.0,2023,6,MXP,149.57,149.57,149.57,2023-03-22 02:32:04,True,-0.7099999999999795,-0.47469412315302506
Abu Dhabi,Emirados Árabes Unidos,440,123.74,Wizz Air,AUH,2024-01-09,2024-01-16,http://kayak.com/flights/MXP-AUH/2024-01-09/2024-01-16/,123.74,1.0,2024,1,MXP,124.33,284.96750000000003,247.85000000000002,2023-03-22 02:32:04,True,-0.5900000000000034,-0.4745435534464758
Astúrias,Espanha,840,88.39,Várias companhias aéreas,OVD,2023-05-11,2023-05-15,http://kayak.com/flights/MXP-OVD/2023-05-11/2023-05-15/,88.39,1.0,2023,5,MXP,88.81,97.84333333333332,102.36,2023-03-22 02:32:04,True,-0.4200000000000017,-0.4729197162481722
Rodes,Grécia,400,91.18,Ryanair,RHO,2023-04-17,2023-04-22,http://kayak.com/flights/MXP-RHO/2023-04-17/2023-04-22/,91.18,1.0,2023,4,MXP,91.61,187.45555555555555,136.75,2023-03-22 02:32:04,True,-0.4299999999999926,-0.4693810719353702
Granada,Espanha,505,89.32,Vueling,GRX,2023-04-15,2023-04-19,http://kayak.com/flights/MXP-GRX/2023-04-15/2023-04-19/,89.32,1.0,2023,4,MXP,89.74,271.1016666666667,212.735,2023-03-22 02:32:04,True,-0.4200000000000017,-0.4680187207488319
Linz,Áustria,695,197.23,Lufthansa,LNZ,2023-04-17,2023-04-22,http://kayak.com/flights/MXP-LNZ/2023-04-17/2023-04-22/,197.23,1.0,2023,4,MXP,198.0,253.365,253.1,2023-03-22 02:32:04,True,-0.7700000000000102,-0.38888888888889406
Palermo,Itália,105,26.98,Ryanair,PMO,2023-05-16,2023-05-23,http://kayak.com/flights/MXP-PMO/2023-05-16/2023-05-23/,26.98,1.0,2023,5,MXP,27.06,35.0078,32.735,2023-03-22 02:32:04,True,-0.0799999999999983,-0.2956393200295576
Copenhaga,Dinamarca,125,53.96,easyJet,CPH,2023-11-09,2023-11-13,http://kayak.com/flights/MXP-CPH/2023-11-09/2023-11-13/,53.96,1.0,2023,11,MXP,54.11,71.712,54.22,2023-03-22 02:32:04,True,-0.14999999999999858,-0.2772130844575838
Lamezia Terme,Itália,115,28.84,Wizz Air,SUF,2023-06-06,2023-06-13,http://kayak.com/flights/MXP-SUF/2023-06-06/2023-06-13/,28.84,1.0,2023,6,MXP,28.92,43.85823529411765,45.14,2023-03-22 02:32:04,True,-0.08000000000000185,-0.27662517289073946
Sharm El Sheikh,Egito,280,105.13,easyJet,SSH,2024-02-10,2024-02-17,http://kayak.com/flights/MXP-SSH/2024-02-10/2024-02-17/,105.13,1.0,2024,2,MXP,105.42,125.27250000000001,105.53,2023-03-22 02:32:04,True,-0.29000000000000625,-0.27509011572757186
Pescara,Itália,1070,105.13,Ryanair,PSR,2023-05-10,2023-05-15,http://kayak.com/flights/MXP-PSR/2023-05-10/2023-05-15/,105.13,1.0,2023,5,MXP,105.42,119.83699999999999,115.66499999999999,2023-03-22 02:32:04,True,-0.29000000000000625,-0.27509011572757186
Newcastle upon Tyne,Reino Unido,1430,141.41,Várias companhias aéreas,NCL,2023-07-05,2023-07-11,http://kayak.com/flights/MXP-NCL/2023-07-05/2023-07-11/,141.41,1.0,2023,7,MXP,141.8,141.89666666666668,141.8,2023-03-22 02:32:04,True,-0.3900000000000148,-0.275035260930899
Nice,França,705,76.29,Vueling,NCE,2023-04-19,2023-04-26,http://kayak.com/flights/MXP-NCE/2023-04-19/2023-04-26/,76.29,1.0,2023,4,MXP,76.5,165.67844444444444,156.11,2023-03-22 02:32:04,True,-0.20999999999999375,-0.27450980392156044
Graz,Áustria,360,200.95,Austrian Airlines,GRZ,2023-08-17,2023-08-21,http://kayak.com/flights/MXP-GRZ/2023-08-17/2023-08-21/,200.95,1.0,2023,8,MXP,201.5,201.90571428571428,201.92,2023-03-22 02:32:04,True,-0.5500000000000114,-0.2729528535980205
Trieste,Itália,1405,190.72,Várias companhias aéreas,TRS,2023-08-14,2023-08-20,http://kayak.com/flights/MXP-TRS/2023-08-14/2023-08-20/,190.72,1.0,2023,8,MXP,191.24,191.44,191.44,2023-03-22 02:32:04,True,-0.5200000000000102,-0.271909642334245
Turim,Itália,1140,128.39,Várias companhias aéreas,TRN,2023-04-15,2023-04-22,http://kayak.com/flights/MXP-TRN/2023-04-15/2023-04-22/,128.39,1.0,2023,4,MXP,128.74,488.06565217391307,307.58,2023-03-22 02:32:04,True,-0.35000000000002274,-0.27186577598261824
Debrecen,Hungria,625,367.48,Lufthansa,DEB,2023-04-21,2023-04-26,http://kayak.com/flights/MXP-DEB/2023-04-21/2023-04-26/,367.48,1.0,2023,4,MXP,368.48,369.613,370.22,2023-03-22 02:32:04,True,-1.0,-0.2713851498046027
Arusha,Tanzânia,1675,606.57,Qatar Airways,JRO,2023-04-04,2023-04-11,http://kayak.com/flights/MXP-JRO/2023-04-04/2023-04-11/,606.57,1.0,2023,4,MXP,608.22,818.6391176470588,854.84,2023-03-22 02:32:04,True,-1.6499999999999773,-0.2712834171845676
Nimes,França,1600,154.44,Várias companhias aéreas,FNI,2023-05-24,2023-05-29,http://kayak.com/flights/MXP-FNI/2023-05-24/2023-05-29/,154.44,1.0,2023,5,MXP,154.86,155.02,155.02,2023-03-22 02:32:04,True,-0.4200000000000159,-0.27121270825262556
Ontário,Estados Unidos,1138,544.24,British Airways,ONT,2023-04-18,2023-04-25,http://kayak.com/flights/MXP-ONT/2023-04-18/2023-04-25/,544.24,1.0,2023,4,MXP,545.72,725.1669491525423,723.11,2023-03-22 02:32:04,True,-1.4800000000000182,-0.27120134867698054
Wausau,Estados Unidos,1948,544.24,KLM,CWA,2023-04-19,2023-04-26,http://kayak.com/flights/MXP-CWA/2023-04-19/2023-04-26/,544.24,1.0,2023,4,MXP,545.72,546.464,545.72,2023-03-22 02:32:04,True,-1.4800000000000182,-0.27120134867698054
Gizé,Egito,540,485.63,Várias companhias aéreas,SPX,2023-06-05,2023-06-12,http://kayak.com/flights/MXP-SPX/2023-06-05/2023-06-12/,485.63,1.0,2023,6,MXP,486.95,487.9166666666667,487.46000000000004,2023-03-22 02:32:04,True,-1.3199999999999932,-0.2710750590409679
Leipzig,Alemanha,530,242.82,Várias companhias aéreas,LEJ,2023-04-20,2023-04-27,http://kayak.com/flights/MXP-LEJ/2023-04-20/2023-04-27/,242.82,1.0,2023,4,MXP,243.48,284.38304347826084,291.0,2023-03-22 02:32:04,True,-0.6599999999999966,-0.2710694923607675
Khasab,Omã,1765,842.87,Qatar Airways,KHS,2023-05-10,2023-05-14,http://kayak.com/flights/MXP-KHS/2023-05-10/2023-05-14/,842.87,1.0,2023,5,MXP,845.16,847.1257142857143,846.92,2023-03-22 02:32:04,True,-2.2899999999999636,-0.2709546121444417
Fort Myers,Estados Unidos,2151,507.96,British Airways,RSW,2023-10-02,2023-10-09,http://kayak.com/flights/MXP-RSW/2023-10-02/2023-10-09/,507.96,1.0,2023,10,MXP,509.34,510.32,509.87,2023-03-22 02:32:04,True,-1.3799999999999955,-0.2709388620567785
Calama,Chile,2784,1104.29,LATAM Airlines,CJC,2023-09-18,2023-09-24,http://kayak.com/flights/MXP-CJC/2023-09-18/2023-09-24/,1104.29,1.0,2023,9,MXP,1107.29,1216.5092857142859,1245.68,2023-03-22 02:32:04,True,-3.0,-0.2709317342340309
Oulu,Finlândia,1140,342.36,Várias companhias aéreas,OUL,2023-05-20,2023-05-27,http://kayak.com/flights/MXP-OUL/2023-05-20/2023-05-27/,342.36,1.0,2023,5,MXP,343.29,343.9533333333334,343.65,2023-03-22 02:32:04,True,-0.9300000000000068,-0.27090797867692235
San Pedro,Honduras,3345,773.1,United Airlines,SAP,2023-04-19,2023-04-26,http://kayak.com/flights/MXP-SAP/2023-04-19/2023-04-26/,773.1,1.0,2023,4,MXP,775.2,775.605,775.2,2023-03-22 02:32:04,True,-2.1000000000000227,-0.27089783281734037
Iaundé,Camarões,1035,776.82,Turkish Airlines,NSI,2023-09-24,2023-10-01,http://kayak.com/flights/MXP-NSI/2023-09-24/2023-10-01/,776.82,1.0,2023,9,MXP,778.93,781.33,782.62,2023-03-22 02:32:04,True,-2.1099999999999,-0.27088441836877514
Raleigh,Estados Unidos,1394,519.12,Várias companhias aéreas,RDU,2023-04-18,2023-04-25,http://kayak.com/flights/MXP-RDU/2023-04-18/2023-04-25/,519.12,1.0,2023,4,MXP,520.53,554.4379487179488,555.34,2023-03-22 02:32:04,True,-1.4099999999999682,-0.27087775920695606
Bucara,Uzbequistão,1035,953.58,Várias companhias aéreas,BHK,2023-05-01,2023-05-08,http://kayak.com/flights/MXP-BHK/2023-05-01/2023-05-08/,953.58,1.0,2023,5,MXP,956.17,959.117,960.7,2023-03-22 02:32:04,True,-2.589999999999918,-0.27087233441751135
Lubumbashi,República Democrática do Congo,995,868.92,Ethiopian Air,FBM,2023-04-11,2023-04-17,http://kayak.com/flights/MXP-FBM/2023-04-11/2023-04-17/,868.92,1.0,2023,4,MXP,871.28,1264.2172727272728,1399.29,2023-03-22 02:32:04,True,-2.3600000000000136,-0.2708658525387951
The Valley,Anguila,2124,1068.01,American Airlines,AXA,2024-01-25,2024-01-31,http://kayak.com/flights/MXP-AXA/2024-01-25/2024-01-31/,1068.01,1.0,2024,1,MXP,1070.91,1072.3700000000001,1070.91,2023-03-22 02:32:04,True,-2.900000000000091,-0.2707977327693355
Idaho Falls,Estados Unidos,2048,802.87,United Airlines,IDA,2023-04-17,2023-04-24,http://kayak.com/flights/MXP-IDA/2023-04-17/2023-04-24/,802.87,1.0,2023,4,MXP,805.05,807.53,808.86,2023-03-22 02:32:04,True,-2.17999999999995,-0.27079063412209803
Angeles City,Filipinas,1650,917.3,Várias companhias aéreas,CRK,2023-04-19,2023-04-26,http://kayak.com/flights/MXP-CRK/2023-04-19/2023-04-26/,917.3,1.0,2023,4,MXP,919.79,1167.445641025641,1048.03,2023-03-22 02:32:04,True,-2.490000000000009,-0.27071396731862807
Blantyre,Malaui,985,924.74,Ethiopian Air,BLZ,2023-04-20,2023-04-27,http://kayak.com/flights/MXP-BLZ/2023-04-20/2023-04-27/,924.74,1.0,2023,4,MXP,927.25,928.22,928.22,2023-03-22 02:32:04,True,-2.509999999999991,-0.2706929091399289
Rochester,Estados Unidos,1284,924.74,United Airlines,ROC,2023-06-09,2023-06-15,http://kayak.com/flights/MXP-ROC/2023-06-09/2023-06-15/,924.74,1.0,2023,6,MXP,927.25,927.735,927.25,2023-03-22 02:32:04,True,-2.509999999999991,-0.2706929091399289
Simpson Bay,São Martinho (Sint Maarten),2050,655.88,Delta,SXM,2023-04-12,2023-04-19,http://kayak.com/flights/MXP-SXM/2023-04-12/2023-04-19/,655.88,1.0,2023,4,MXP,657.66,1381.1075806451613,1127.8,2023-03-22 02:32:04,True,-1.7799999999999727,-0.27065657026426615
Grande Caimão,Ilhas Cayman,1790,755.42,Air Canada,GCM,2024-01-25,2024-02-01,http://kayak.com/flights/MXP-GCM/2024-01-25/2024-02-01/,755.42,1.0,2024,1,MXP,757.47,758.504,757.47,2023-03-22 02:32:04,True,-2.050000000000068,-0.27063778103424135
Trujillo,Perú,3260,1422.46,Várias companhias aéreas,TRU,2023-05-05,2023-05-12,http://kayak.com/flights/MXP-TRU/2023-05-05/2023-05-12/,1422.46,1.0,2023,5,MXP,1426.32,1427.3133333333333,1426.32,2023-03-22 02:32:04,True,-3.8599999999999,-0.270626507375617
Dalian,China,1195,1149.88,Air China,DLC,2023-05-29,2023-06-03,http://kayak.com/flights/MXP-DLC/2023-05-29/2023-06-03/,1149.88,1.0,2023,5,MXP,1153.0,1154.574,1153.0,2023-03-22 02:32:04,True,-3.119999999999891,-0.270598438855151
Estrasburgo,França,1550,191.65,Várias companhias aéreas,SXB,2023-06-11,2023-06-15,http://kayak.com/flights/MXP-SXB/2023-06-11/2023-06-15/,191.65,1.0,2023,6,MXP,192.17,276.4866666666667,305.75,2023-03-22 02:32:04,True,-0.5199999999999818,-0.27059374512149753
Colombo,Sri Lanka,2345,578.66,Várias companhias aéreas,CMB,2023-06-08,2023-06-15,http://kayak.com/flights/MXP-CMB/2023-06-08/2023-06-15/,578.66,1.0,2023,6,MXP,580.23,657.9526666666667,664.52,2023-03-22 02:32:04,True,-1.57000000000005,-0.27058235527291763
Mumbai,Índia,1820,390.74,Várias companhias aéreas,BOM,2023-06-12,2023-06-16,http://kayak.com/flights/MXP-BOM/2023-06-12/2023-06-16/,390.74,1.0,2023,6,MXP,391.8,517.18,579.72,2023-03-22 02:32:04,True,-1.0600000000000023,-0.2705461970393063
Tokushima,Japão,1580,1190.81,Várias companhias aéreas,TKS,2023-04-18,2023-04-25,http://kayak.com/flights/MXP-TKS/2023-04-18/2023-04-25/,1190.81,1.0,2023,4,MXP,1194.04,1197.1825,1198.12,2023-03-22 02:32:04,True,-3.230000000000018,-0.2705102006632959
Zhanjiang,China,2355,1190.81,Air China,ZHA,2023-09-17,2023-09-24,http://kayak.com/flights/MXP-ZHA/2023-09-17/2023-09-24/,1190.81,1.0,2023,9,MXP,1194.04,1197.724,1199.7,2023-03-22 02:32:04,True,-3.230000000000018,-0.2705102006632959
Bozeman,Estados Unidos,1333,800.08,Delta,BZN,2023-11-14,2023-11-21,http://kayak.com/flights/MXP-BZN/2023-11-14/2023-11-21/,800.08,1.0,2023,11,MXP,802.25,803.085,803.085,2023-03-22 02:32:04,True,-2.169999999999959,-0.2704892489872183
Kinshasa,República Democrática do Congo,665,501.45,Egypt Air,FIH,2023-04-09,2023-04-13,http://kayak.com/flights/MXP-FIH/2023-04-09/2023-04-13/,501.45,1.0,2023,4,MXP,502.81,765.4147058823529,800.27,2023-03-22 02:32:04,True,-1.3600000000000136,-0.2704799029454493
Wuxi,China,1940,1209.42,Várias companhias aéreas,WUX,2023-05-14,2023-05-21,http://kayak.com/flights/MXP-WUX/2023-05-14/2023-05-21/,1209.42,1.0,2023,5,MXP,1212.7,1213.3325,1212.7,2023-03-22 02:32:04,True,-3.2799999999999727,-0.27047085016904204
Kuala Lumpur,Malásia,1150,608.43,Etihad Airways,KUL,2024-02-26,2024-03-04,http://kayak.com/flights/MXP-KUL/2024-02-26/2024-03-04/,608.43,1.0,2024,2,MXP,610.08,610.5066666666667,610.08,2023-03-22 02:32:04,True,-1.650000000000091,-0.2704563335956089
Cuzco,Perú,2020,1626.2,Várias companhias aéreas,CUZ,2023-08-20,2023-08-27,http://kayak.com/flights/MXP-CUZ/2023-08-20/2023-08-27/,1626.2,1.0,2023,8,MXP,1630.61,1635.641,1638.34,2023-03-22 02:32:04,True,-4.4099999999998545,-0.2704509355394518
Haiphong,Vietname,2240,1028.94,Várias companhias aéreas,HPH,2023-11-16,2023-11-23,http://kayak.com/flights/MXP-HPH/2023-11-16/2023-11-23/,1028.94,1.0,2023,11,MXP,1031.73,1034.907,1036.61,2023-03-22 02:32:04,True,-2.7899999999999636,-0.2704195865197255
Porto Seguro,Brasil,2090,1242.91,LATAM Airlines,BPS,2023-07-20,2023-07-27,http://kayak.com/flights/MXP-BPS/2023-07-20/2023-07-27/,1242.91,1.0,2023,7,MXP,1246.28,1250.1200000000001,1252.18,2023-03-22 02:32:04,True,-3.369999999999891,-0.2704047244599842
Ipoh,Malásia,2050,1468.05,Várias companhias aéreas,IPH,2023-03-28,2023-04-04,http://kayak.com/flights/MXP-IPH/2023-03-28/2023-04-04/,1468.05,1.0,2023,3,MXP,1472.03,1473.0533333333333,1472.03,2023-03-22 02:32:04,True,-3.980000000000018,-0.2703749244240959
Mfuwe,Zâmbia,1085,1154.53,Várias companhias aéreas,MFU,2023-05-07,2023-05-14,http://kayak.com/flights/MXP-MFU/2023-05-07/2023-05-14/,1154.53,1.0,2023,5,MXP,1157.66,1159.2400000000002,1157.66,2023-03-22 02:32:04,True,-3.130000000000109,-0.27037299379784296
Maupiti,Polinésia Francesa,4055,3367.76,Várias companhias aéreas,MAU,2023-08-18,2023-08-25,http://kayak.com/flights/MXP-MAU/2023-08-18/2023-08-25/,3367.76,1.0,2023,8,MXP,3376.89,3379.24,3376.89,2023-03-22 02:32:04,True,-9.129999999999654,-0.27036711293526455
Tijuana,México,2275,1479.21,Iberia,TIJ,2023-04-08,2023-04-14,http://kayak.com/flights/MXP-TIJ/2023-04-08/2023-04-14/,1479.21,1.0,2023,4,MXP,1483.22,1487.7959999999998,1490.25,2023-03-22 02:32:04,True,-4.009999999999991,-0.27035773519774486
Port Blair,Índia,3290,1375.95,Várias companhias aéreas,IXZ,2023-04-19,2023-04-26,http://kayak.com/flights/MXP-IXZ/2023-04-19/2023-04-26/,1375.95,1.0,2023,4,MXP,1379.68,1381.5620000000001,1379.68,2023-03-22 02:32:04,True,-3.730000000000018,-0.2703525455178025
Cochabamba,Bolívia,2095,1815.06,Várias companhias aéreas,CBB,2023-04-18,2023-04-25,http://kayak.com/flights/MXP-CBB/2023-04-18/2023-04-25/,1815.06,1.0,2023,4,MXP,1819.98,1867.946129032258,1836.68,2023-03-22 02:32:04,True,-4.920000000000073,-0.27033264101803717
Zurique,Suíça,55,106.99,SWISS,ZRH,2023-09-11,2023-09-17,http://kayak.com/flights/MXP-ZRH/2023-09-11/2023-09-17/,106.99,1.0,2023,9,MXP,107.28,237.1675,237.225,2023-03-22 02:32:04,True,-0.29000000000000625,-0.2703206562267023
Fernando de Noronha,Brasil,2180,1508.98,LATAM Airlines,FEN,2023-04-18,2023-04-25,http://kayak.com/flights/MXP-FEN/2023-04-18/2023-04-25/,1508.98,1.0,2023,4,MXP,1513.07,1517.736,1520.24,2023-03-22 02:32:04,True,-4.089999999999918,-0.27031135373775955
Edmonton,Canadá,1495,1081.04,Várias companhias aéreas,YEG,2023-09-18,2023-09-22,http://kayak.com/flights/MXP-YEG/2023-09-18/2023-09-22/,1081.04,1.0,2023,9,MXP,1083.97,1085.1,1085.1,2023-03-22 02:32:04,True,-2.9300000000000637,-0.2703026836536125
Sandakan,Malásia,1660,1081.04,Várias companhias aéreas,SDK,2023-03-24,2023-03-31,http://kayak.com/flights/MXP-SDK/2023-03-24/2023-03-31/,1081.04,1.0,2023,3,MXP,1083.97,1085.4479999999999,1083.97,2023-03-22 02:32:04,True,-2.9300000000000637,-0.2703026836536125
Baton Rouge,Estados Unidos,1040,1084.76,Várias companhias aéreas,BTR,2023-07-28,2023-08-01,http://kayak.com/flights/MXP-BTR/2023-07-28/2023-08-01/,1084.76,1.0,2023,7,MXP,1087.7,1090.55875,1091.4099999999999,2023-03-22 02:32:04,True,-2.9400000000000546,-0.2702951181391978
Hulunbuir,China,3055,1302.45,Várias companhias aéreas,HLD,2023-04-18,2023-04-25,http://kayak.com/flights/MXP-HLD/2023-04-18/2023-04-25/,1302.45,1.0,2023,4,MXP,1305.98,1309.41625,1310.44,2023-03-22 02:32:04,True,-3.5299999999999727,-0.27029510405978446
Baltra,Equador,2865,2173.23,Várias companhias aéreas,GPS,2023-12-23,2023-12-30,http://kayak.com/flights/MXP-GPS/2023-12-23/2023-12-30/,2173.23,1.0,2023,12,MXP,2179.12,2180.6366666666668,2179.12,2023-03-22 02:32:04,True,-5.889999999999873,-0.27029259517602855
Lihue,Estados Unidos,3330,985.21,United Airlines,LIH,2023-05-12,2023-05-19,http://kayak.com/flights/MXP-LIH/2023-05-12/2023-05-19/,985.21,1.0,2023,5,MXP,987.88,1597.96375,991.255,2023-03-22 02:32:04,True,-2.669999999999959,-0.2702757419929505
Lusaka,Zâmbia,2260,660.53,Várias companhias aéreas,LUN,2023-05-15,2023-05-22,http://kayak.com/flights/MXP-LUN/2023-05-15/2023-05-22/,660.53,1.0,2023,5,MXP,662.32,762.3522222222223,805.16,2023-03-22 02:32:04,True,-1.7900000000000773,-0.27026210895036795
Madang,Papua Nova Guiné,3370,7115.09,Várias companhias aéreas,MAG,2023-04-03,2023-04-10,http://kayak.com/flights/MXP-MAG/2023-04-03/2023-04-10/,7115.09,1.0,2023,4,MXP,7134.37,7139.34,7134.37,2023-03-22 02:32:04,True,-19.279999999999745,-0.27024110047558153
Surabaia,Indonésia,3415,778.68,Qatar Airways,SUB,2023-03-25,2023-03-30,http://kayak.com/flights/MXP-SUB/2023-03-25/2023-03-30/,778.68,1.0,2023,3,MXP,780.79,805.525,819.335,2023-03-22 02:32:04,True,-2.1100000000000136,-0.2702391167919689
Christiansted,Ilhas Virgens Americanas,1169,1114.53,American Airlines,STX,2024-01-08,2024-01-15,http://kayak.com/flights/MXP-STX/2024-01-08/2024-01-15/,1114.53,1.0,2024,1,MXP,1117.55,1120.993,1122.84,2023-03-22 02:32:04,True,-3.019999999999982,-0.2702339940047409
Dzaoudzi,Maiote,2480,1118.25,Várias companhias aéreas,DZA,2023-06-18,2023-06-25,http://kayak.com/flights/MXP-DZA/2023-06-18/2023-06-25/,1118.25,1.0,2023,6,MXP,1121.28,1387.3141176470588,1126.77,2023-03-22 02:32:04,True,-3.0299999999999727,-0.27022688356164143
Arar,Arábia Saudita,1130,450.28,Várias companhias aéreas,RAE,2023-04-19,2023-04-26,http://kayak.com/flights/MXP-RAE/2023-04-19/2023-04-26/,450.28,1.0,2023,4,MXP,451.5,716.463125,835.45,2023-03-22 02:32:04,True,-1.2200000000000273,-0.27021040974529953
Salisbury,Estados Unidos,2080,1014.98,American Airlines,SBY,2023-04-20,2023-04-27,http://kayak.com/flights/MXP-SBY/2023-04-20/2023-04-27/,1014.98,1.0,2023,4,MXP,1017.73,1018.44,1017.73,2023-03-22 02:32:04,True,-2.75,-0.27020919104281094
Kobe,Japão,1980,1129.41,ANA,UKB,2023-10-09,2023-10-16,http://kayak.com/flights/MXP-UKB/2023-10-09/2023-10-16/,1129.41,1.0,2023,10,MXP,1132.47,1134.655,1133.655,2023-03-22 02:32:04,True,-3.0599999999999454,-0.27020583326710157
Rapid City,Estados Unidos,2460,1026.15,United Airlines,RAP,2023-08-19,2023-08-26,http://kayak.com/flights/MXP-RAP/2023-08-19/2023-08-26/,1026.15,1.0,2023,8,MXP,1028.93,1032.101,1033.8,2023-03-22 02:32:04,True,-2.7799999999999727,-0.27018358877668763
Condado de Derry,Reino Unido,650,1266.17,British Airways,LDY,2023-04-06,2023-04-10,http://kayak.com/flights/MXP-LDY/2023-04-06/2023-04-10/,1266.17,1.0,2023,4,MXP,1269.6,1273.5169999999998,1275.62,2023-03-22 02:32:04,True,-3.4299999999998363,-0.27016383112790143
Cochin,Índia,1215,579.59,Air India,COK,2023-04-16,2023-04-23,http://kayak.com/flights/MXP-COK/2023-04-16/2023-04-23/,579.59,1.0,2023,4,MXP,581.16,672.685283018868,639.91,2023-03-22 02:32:04,True,-1.5699999999999363,-0.27014935645948385
Djanet,Argélia,1915,815.9,Várias companhias aéreas,DJG,2023-06-22,2023-06-26,http://kayak.com/flights/MXP-DJG/2023-06-22/2023-06-26/,815.9,1.0,2023,6,MXP,818.11,820.6290000000001,821.98,2023-03-22 02:32:04,True,-2.2100000000000364,-0.2701348229455741
Manaus,Brasil,1960,1410.37,Várias companhias aéreas,MAO,2023-08-11,2023-08-18,http://kayak.com/flights/MXP-MAO/2023-08-11/2023-08-18/,1410.37,1.0,2023,8,MXP,1414.19,1416.9166666666667,1415.67,2023-03-22 02:32:04,True,-3.8200000000001637,-0.27011929090151704
San Luis Obispo,Estados Unidos,1192,823.34,American Airlines,SBP,2023-03-27,2023-04-03,http://kayak.com/flights/MXP-SBP/2023-03-27/2023-04-03/,823.34,1.0,2023,3,MXP,825.57,828.1139999999999,829.48,2023-03-22 02:32:04,True,-2.230000000000018,-0.27011640442361257
Lafayette,Estados Unidos,1087,2370.46,Lufthansa,LFT,2023-07-28,2023-08-01,http://kayak.com/flights/MXP-LFT/2023-07-28/2023-08-01/,2370.46,1.0,2023,7,MXP,2376.88,2383.13125,2384.995,2023-03-22 02:32:04,True,-6.420000000000073,-0.2701019824307526
Alotau,Papua Nova Guiné,2195,5708.45,Várias companhias aéreas,GUR,2023-11-13,2023-11-20,http://kayak.com/flights/MXP-GUR/2023-11-13/2023-11-20/,5708.45,1.0,2023,11,MXP,5723.91,5726.9025,5723.91,2023-03-22 02:32:04,True,-15.460000000000036,-0.2700950923407258
Metz,França,2490,834.5,Várias companhias aéreas,ETZ,2023-04-19,2023-04-26,http://kayak.com/flights/MXP-ETZ/2023-04-19/2023-04-26/,834.5,1.0,2023,4,MXP,836.76,838.375,837.635,2023-03-22 02:32:04,True,-2.259999999999991,-0.27008939241837454
Al Hoceima,Marrocos,3075,716.35,Várias companhias aéreas,AHU,2023-09-04,2023-09-10,http://kayak.com/flights/MXP-AHU/2023-09-04/2023-09-10/,716.35,1.0,2023,9,MXP,718.29,719.04,719.04,2023-03-22 02:32:04,True,-1.9399999999999409,-0.27008589845326275
Hayden,Estados Unidos,1285,1314.55,United Airlines,HDN,2023-04-22,2023-04-28,http://kayak.com/flights/MXP-HDN/2023-04-22/2023-04-28/,1314.55,1.0,2023,4,MXP,1318.11,1319.485,1319.485,2023-03-22 02:32:04,True,-3.5599999999999454,-0.27008368042120506
Vail,Estados Unidos,2142,1443.86,United Airlines,EGE,2023-04-22,2023-04-28,http://kayak.com/flights/MXP-EGE/2023-04-22/2023-04-28/,1443.86,1.0,2023,4,MXP,1447.77,1449.2849999999999,1449.2849999999999,2023-03-22 02:32:04,True,-3.910000000000082,-0.2700705222514682
Quimper,França,1420,1085.69,British Airways,UIP,2023-06-19,2023-06-24,http://kayak.com/flights/MXP-UIP/2023-06-19/2023-06-24/,1085.69,1.0,2023,6,MXP,1088.63,1091.1657142857143,1090.9,2023-03-22 02:32:04,True,-2.9400000000000546,-0.2700642091436075
Apia,Samoa,3520,1820.64,Air New Zealand,APW,2023-10-25,2023-11-01,http://kayak.com/flights/MXP-APW/2023-10-25/2023-11-01/,1820.64,1.0,2023,10,MXP,1825.57,1828.0639999999999,1825.57,2023-03-22 02:32:04,True,-4.929999999999836,-0.27005264109291
São Tomé,São Tomé e Príncipe,1500,1584.34,TAP AIR PORTUGAL,TMS,2023-07-22,2023-07-29,http://kayak.com/flights/MXP-TMS/2023-07-22/2023-07-29/,1584.34,1.0,2023,7,MXP,1588.63,1593.5300000000002,1596.16,2023-03-22 02:32:04,True,-4.290000000000191,-0.2700440001762645
Newquay,Reino Unido,800,243.75,Várias companhias aéreas,NQY,2023-04-18,2023-04-25,http://kayak.com/flights/MXP-NQY/2023-04-18/2023-04-25/,243.75,1.0,2023,4,MXP,244.41,335.19666666666666,245.57,2023-03-22 02:32:04,True,-0.6599999999999966,-0.27003805081625
Chetumal,México,2837,1237.33,Aeromexico,CTM,2023-06-19,2023-06-25,http://kayak.com/flights/MXP-CTM/2023-06-19/2023-06-25/,1237.33,1.0,2023,6,MXP,1240.68,1241.33,1240.68,2023-03-22 02:32:04,True,-3.3500000000001364,-0.2700132185575762
Chongqing,China,1380,989.87,Várias companhias aéreas,CKG,2023-04-19,2023-04-25,http://kayak.com/flights/MXP-CKG/2023-04-19/2023-04-25/,989.87,1.0,2023,4,MXP,992.55,1556.5591489361702,1138.72,2023-03-22 02:32:04,True,-2.67999999999995,-0.2700115863180646
Shenyang,China,2235,1115.46,Várias companhias aéreas,SHE,2023-09-13,2023-09-20,http://kayak.com/flights/MXP-SHE/2023-09-13/2023-09-20/,1115.46,1.0,2023,9,MXP,1118.48,1121.0857142857144,1120.82,2023-03-22 02:32:04,True,-3.019999999999982,-0.27000929833345094
Sohag,Egito,1130,2249.52,Várias companhias aéreas,HMB,2023-10-18,2023-10-25,http://kayak.com/flights/MXP-HMB/2023-10-18/2023-10-25/,2249.52,1.0,2023,10,MXP,2255.61,2257.1833333333334,2255.61,2023-03-22 02:32:04,True,-6.0900000000001455,-0.26999348291593606
San Cristobal,Equador,1861,2626.3,Várias companhias aéreas,SCY,2023-12-23,2023-12-30,http://kayak.com/flights/MXP-SCY/2023-12-23/2023-12-30/,2626.3,1.0,2023,12,MXP,2633.41,2755.7025,2794.11,2023-03-22 02:32:04,True,-7.109999999999673,-0.2699921394693448
Sanya,China,1160,1754.59,Várias companhias aéreas,SYX,2023-07-13,2023-07-20,http://kayak.com/flights/MXP-SYX/2023-07-13/2023-07-20/,1754.59,1.0,2023,7,MXP,1759.34,1764.768,1767.68,2023-03-22 02:32:04,True,-4.75,-0.26998760898973484
Daca,Bangladexe,1375,757.29,Qatar Airways,DAC,2023-04-07,2023-04-14,http://kayak.com/flights/MXP-DAC/2023-04-07/2023-04-14/,757.29,1.0,2023,4,MXP,759.34,939.5403448275862,941.33,2023-03-22 02:32:04,True,-2.050000000000068,-0.2699712908578592
Tiputa,Polinésia Francesa,3385,3550.11,Várias companhias aéreas,RGI,2023-08-07,2023-08-13,http://kayak.com/flights/MXP-RGI/2023-08-07/2023-08-13/,3550.11,1.0,2023,8,MXP,3559.72,3566.5833333333335,3563.4399999999996,2023-03-22 02:32:04,True,-9.609999999999673,-0.26996505343115956
Cidade do Kansas,Estados Unidos,1118,775.89,American Airlines,MCI,2023-10-01,2023-10-07,http://kayak.com/flights/MXP-MCI/2023-10-01/2023-10-07/,775.89,1.0,2023,10,MXP,777.99,823.2864705882353,781.8,2023-03-22 02:32:04,True,-2.1000000000000227,-0.2699263486677236
Conacri,Guiné,665,646.58,Brussels Airlines,CKY,2023-09-09,2023-09-14,http://kayak.com/flights/MXP-CKY/2023-09-09/2023-09-14/,646.58,1.0,2023,9,MXP,648.33,649.8385714285714,649.68,2023-03-22 02:32:04,True,-1.75,-0.26992426696281213
Cidade de Belize,Belize,1949,1441.07,Air France,BZE,2023-07-22,2023-07-29,http://kayak.com/flights/MXP-BZE/2023-07-22/2023-07-29/,1441.07,1.0,2023,7,MXP,1444.97,1449.4279999999999,1451.82,2023-03-22 02:32:04,True,-3.900000000000091,-0.26990179726915375
Mont Lubin,Maurícia,1690,1311.76,Air Mauritius,RRG,2023-08-19,2023-08-25,http://kayak.com/flights/MXP-RRG/2023-08-19/2023-08-25/,1311.76,1.0,2023,8,MXP,1315.31,1381.8325,1381.455,2023-03-22 02:32:04,True,-3.5499999999999545,-0.26989835095908604
Zagora,Marrocos,1465,395.39,Várias companhias aéreas,OZG,2023-03-24,2023-03-31,http://kayak.com/flights/MXP-OZG/2023-03-24/2023-03-31/,395.39,1.0,2023,3,MXP,396.46,397.22499999999997,396.875,2023-03-22 02:32:04,True,-1.0699999999999932,-0.2698885133430846
Monterrei,México,1400,790.78,American Airlines,MTY,2023-04-19,2023-04-26,http://kayak.com/flights/MXP-MTY/2023-04-19/2023-04-26/,790.78,1.0,2023,4,MXP,792.92,1211.1878571428572,1228.33,2023-03-22 02:32:04,True,-2.1399999999999864,-0.2698885133430846
Knoxville,Estados Unidos,1145,528.43,British Airways,TYS,2023-04-18,2023-04-25,http://kayak.com/flights/MXP-TYS/2023-04-18/2023-04-25/,528.43,1.0,2023,4,MXP,529.86,531.493,532.37,2023-03-22 02:32:04,True,-1.4300000000000637,-0.269882610500899
Assiut,Egito,735,2250.45,Várias companhias aéreas,ATZ,2023-10-18,2023-10-25,http://kayak.com/flights/MXP-ATZ/2023-10-18/2023-10-25/,2250.45,1.0,2023,10,MXP,2256.54,2258.1133333333332,2256.54,2023-03-22 02:32:04,True,-6.0900000000001455,-0.26988220904571364
Hohhot,China,1170,1197.33,Air China,HET,2023-09-09,2023-09-16,http://kayak.com/flights/MXP-HET/2023-09-09/2023-09-16/,1197.33,1.0,2023,9,MXP,1200.57,1214.612857142857,1203.08,2023-03-22 02:32:04,True,-3.240000000000009,-0.2698718108898281
Lhasa,China,2805,1600.16,Várias companhias aéreas,LXA,2023-04-18,2023-04-25,http://kayak.com/flights/MXP-LXA/2023-04-18/2023-04-25/,1600.16,1.0,2023,4,MXP,1604.49,1609.437,1612.09,2023-03-22 02:32:04,True,-4.329999999999927,-0.2698676838122972
Joinville,Brasil,2025,1208.49,Várias companhias aéreas,JOI,2023-08-18,2023-08-24,http://kayak.com/flights/MXP-JOI/2023-08-18/2023-08-24/,1208.49,1.0,2023,8,MXP,1211.76,1215.502,1217.51,2023-03-22 02:32:04,True,-3.269999999999982,-0.2698554169142389
Salina,Estados Unidos,2378,1090.34,United Airlines,SLN,2023-04-21,2023-04-26,http://kayak.com/flights/MXP-SLN/2023-04-21/2023-04-26/,1090.34,1.0,2023,4,MXP,1093.29,1094.0533333333333,1093.29,2023-03-22 02:32:04,True,-2.9500000000000455,-0.2698277675639625
Assuão,Egito,1575,547.03,Várias companhias aéreas,ASW,2024-02-19,2024-02-24,http://kayak.com/flights/MXP-ASW/2024-02-19/2024-02-24/,547.03,1.0,2024,2,MXP,548.51,549.085,549.085,2023-03-22 02:32:04,True,-1.4800000000000182,-0.26982188109606353
Manágua,Nicarágua,2060,968.47,American Airlines,MGA,2023-04-13,2023-04-20,http://kayak.com/flights/MXP-MGA/2023-04-13/2023-04-20/,968.47,1.0,2023,4,MXP,971.09,1534.7856756756757,1498.09,2023-03-22 02:32:04,True,-2.6200000000000045,-0.2697999155588055
Phu Quoc,Vietname,2055,1948.1,Várias companhias aéreas,PQC,2023-08-01,2023-08-05,http://kayak.com/flights/MXP-PQC/2023-08-01/2023-08-05/,1948.1,1.0,2023,8,MXP,1953.37,1958.51125,1960.045,2023-03-22 02:32:04,True,-5.269999999999982,-0.2697901575226394
Perth,Austrália,2515,1253.15,Várias companhias aéreas,PER,2023-08-30,2023-09-06,http://kayak.com/flights/MXP-PER/2023-08-30/2023-09-06/,1253.15,1.0,2023,8,MXP,1256.54,1403.8044444444445,1461.36,2023-03-22 02:32:04,True,-3.3899999999998727,-0.26978846674199575
Kailua-Kona,Estados Unidos,3052,975.91,United Airlines,KOA,2023-05-12,2023-05-19,http://kayak.com/flights/MXP-KOA/2023-05-12/2023-05-19/,975.91,1.0,2023,5,MXP,978.55,1874.5937500000002,981.895,2023-03-22 02:32:04,True,-2.6399999999999864,-0.26978692964079365
Los Angeles,Estados Unidos,2095,421.44,Scandinavian Airlines,LAX,2023-11-15,2023-11-22,http://kayak.com/flights/MXP-LAX/2023-11-15/2023-11-22/,421.44,1.0,2023,11,MXP,422.58,491.62888888888887,503.13,2023-03-22 02:32:04,True,-1.1399999999999864,-0.26977140423114826
La Paz,México,2800,850.32,Aeromexico,LAP,2023-04-04,2023-04-11,http://kayak.com/flights/MXP-LAP/2023-04-04/2023-04-11/,850.32,1.0,2023,4,MXP,852.62,1117.335652173913,1173.67,2023-03-22 02:32:04,True,-2.2999999999999545,-0.2697567497830164
Satu Mare,Roménia,705,284.68,Várias companhias aéreas,SUJ,2023-04-24,2023-04-29,http://kayak.com/flights/MXP-SUJ/2023-04-24/2023-04-29/,284.68,1.0,2023,4,MXP,285.45,378.79294117647055,416.63,2023-03-22 02:32:04,True,-0.7699999999999818,-0.26974951830442523
Entebbe,Uganda,830,436.33,Egypt Air,EBB,2023-05-15,2023-05-21,http://kayak.com/flights/MXP-EBB/2023-05-15/2023-05-21/,436.33,1.0,2023,5,MXP,437.51,554.0317391304347,516.8,2023-03-22 02:32:04,True,-1.1800000000000068,-0.26970812095723684
Coxen Hole,Honduras,2000,1024.29,American Airlines,RTB,2023-04-19,2023-04-26,http://kayak.com/flights/MXP-RTB/2023-04-19/2023-04-26/,1024.29,1.0,2023,4,MXP,1027.06,1027.5974999999999,1027.06,2023-03-22 02:32:04,True,-2.769999999999982,-0.26970186746635855
Cozumel,México,2024,1320.13,American Airlines,CZM,2023-12-24,2023-12-31,http://kayak.com/flights/MXP-CZM/2023-12-24/2023-12-31/,1320.13,1.0,2023,12,MXP,1323.7,1324.3925,1323.7,2023-03-22 02:32:04,True,-3.5699999999999363,-0.2696985721840248
Lagos,Nigéria,775,440.05,Várias companhias aéreas,LOS,2023-04-02,2023-04-09,http://kayak.com/flights/MXP-LOS/2023-04-02/2023-04-09/,440.05,1.0,2023,4,MXP,441.24,684.9602469135802,693.15,2023-03-22 02:32:04,True,-1.1899999999999977,-0.2696944973257179
Rimini,Itália,775,147.93,Ryanair,RMI,2023-06-28,2023-07-05,http://kayak.com/flights/MXP-RMI/2023-06-28/2023-07-05/,147.93,1.0,2023,6,MXP,148.33,148.615,148.485,2023-03-22 02:32:04,True,-0.4000000000000057,-0.2696689813254269
Taipé,Taiwan,1410,599.13,Air China,TPE,2023-04-22,2023-04-29,http://kayak.com/flights/MXP-TPE/2023-04-22/2023-04-29/,599.13,1.0,2023,4,MXP,600.75,998.2651219512196,874.93,2023-03-22 02:32:04,True,-1.6200000000000045,-0.2696629213483154
Shirahama,Japão,2320,1198.26,Japan Airlines,SHM,2023-04-18,2023-04-25,http://kayak.com/flights/MXP-SHM/2023-04-18/2023-04-25/,1198.26,1.0,2023,4,MXP,1201.5,1204.66375,1205.605,2023-03-22 02:32:04,True,-3.240000000000009,-0.2696629213483154
Brazavile,República do Congo,1385,1054.06,Várias companhias aéreas,BZV,2023-03-27,2023-04-02,http://kayak.com/flights/MXP-BZV/2023-03-27/2023-04-02/,1054.06,1.0,2023,3,MXP,1056.91,1057.4625,1056.91,2023-03-22 02:32:04,True,-2.8500000000001364,-0.26965399135216206
Saint John's,Antígua e Barbuda,2500,769.38,Air Canada,ANU,2024-02-09,2024-02-16,http://kayak.com/flights/MXP-ANU/2024-02-09/2024-02-16/,769.38,1.0,2024,2,MXP,771.46,772.27,772.27,2023-03-22 02:32:04,True,-2.080000000000041,-0.26961864516631334
Konya,Turquia,950,314.45,Turkish Airlines,KYA,2023-05-07,2023-05-11,http://kayak.com/flights/MXP-KYA/2023-05-07/2023-05-11/,314.45,1.0,2023,5,MXP,315.3,316.276,316.8,2023-03-22 02:32:04,True,-0.8500000000000227,-0.2695845226768229
Chengdu,China,1090,1165.7,Várias companhias aéreas,CTU,2023-04-19,2023-04-26,http://kayak.com/flights/MXP-CTU/2023-04-19/2023-04-26/,1165.7,1.0,2023,4,MXP,1168.85,1250.9219607843138,1255.77,2023-03-22 02:32:04,True,-3.1499999999998636,-0.2694956581254963
Manama,Bahrain,1400,333.06,Wizz Air,BAH,2023-05-06,2023-05-12,http://kayak.com/flights/MXP-BAH/2023-05-06/2023-05-12/,333.06,1.0,2023,5,MXP,333.96,480.43,334.31,2023-03-22 02:32:04,True,-0.8999999999999773,-0.2694933524972983
Ahmedabad,Índia,1395,669.84,IndiGo,AMD,2023-04-02,2023-04-07,http://kayak.com/flights/MXP-AMD/2023-04-02/2023-04-07/,669.84,1.0,2023,4,MXP,671.65,856.6899999999999,674.83,2023-03-22 02:32:04,True,-1.8099999999999454,-0.26948559517605086
Ottawa,Canadá,1985,673.56,Air Canada,YOW,2023-05-06,2023-05-13,http://kayak.com/flights/MXP-YOW/2023-05-06/2023-05-13/,673.56,1.0,2023,5,MXP,675.38,675.85,675.38,2023-03-22 02:32:04,True,-1.82000000000005,-0.2694779235393482
Leh,Índia,2945,873.58,Várias companhias aéreas,IXL,2023-03-24,2023-03-31,http://kayak.com/flights/MXP-IXL/2023-03-24/2023-03-31/,873.58,1.0,2023,3,MXP,875.94,876.3975,875.94,2023-03-22 02:32:04,True,-2.3600000000000136,-0.26942484645067166
Salt Lake City,Estados Unidos,1920,703.33,United Airlines,SLC,2023-04-19,2023-04-26,http://kayak.com/flights/MXP-SLC/2023-04-19/2023-04-26/,703.33,1.0,2023,4,MXP,705.23,834.5572727272728,708.57,2023-03-22 02:32:04,True,-1.8999999999999773,-0.2694156516313794
Montevidéu,Uruguai,2130,729.38,LATAM Airlines,MVD,2024-02-03,2024-02-10,http://kayak.com/flights/MXP-MVD/2024-02-03/2024-02-10/,729.38,1.0,2024,2,MXP,731.35,803.2700000000001,732.88,2023-03-22 02:32:04,True,-1.9700000000000273,-0.26936487317973984
Port Louis,Maurícia,3225,648.44,Kenya Airways,MRU,2023-09-25,2023-10-02,http://kayak.com/flights/MXP-MRU/2023-09-25/2023-10-02/,648.44,1.0,2023,9,MXP,650.19,860.9676666666667,875.0350000000001,2023-03-22 02:32:04,True,-1.75,-0.2691520940032913
Cidade de Ho Chi Minh,Vietname,1820,704.26,Air China,SGN,2023-05-23,2023-05-27,http://kayak.com/flights/MXP-SGN/2023-05-23/2023-05-27/,704.26,1.0,2023,5,MXP,706.16,816.1116666666667,752.175,2023-03-22 02:32:04,True,-1.8999999999999773,-0.2690608360711421
Midland,Estados Unidos,1678,730.31,British Airways,MAF,2023-03-29,2023-04-03,http://kayak.com/flights/MXP-MAF/2023-03-29/2023-04-03/,730.31,1.0,2023,3,MXP,732.28,732.665,732.28,2023-03-22 02:32:04,True,-1.9700000000000273,-0.26902277817228754
San Sebastián de la Gomera,Espanha,2835,496.8,Várias companhias aéreas,GMZ,2023-05-29,2023-06-02,http://kayak.com/flights/MXP-GMZ/2023-05-29/2023-06-02/,496.8,1.0,2023,5,MXP,498.14,498.4,498.14,2023-03-22 02:32:04,True,-1.339999999999975,-0.26900068253904025
Kuusamo,Finlândia,1035,248.4,Finnair,KAO,2024-01-13,2024-01-20,http://kayak.com/flights/MXP-KAO/2024-01-13/2024-01-20/,248.4,1.0,2024,1,MXP,249.07,361.4415,308.915,2023-03-22 02:32:04,True,-0.6699999999999875,-0.26900068253904025
La Rochelle,França,475,330.27,Várias companhias aéreas,LRH,2023-04-19,2023-04-26,http://kayak.com/flights/MXP-LRH/2023-04-19/2023-04-26/,330.27,1.0,2023,4,MXP,331.16,331.8,331.51,2023-03-22 02:32:04,True,-0.8900000000000432,-0.26875226476628916
Kiruna,Suécia,1130,389.81,Lufthansa,KRN,2024-01-27,2024-02-01,http://kayak.com/flights/MXP-KRN/2024-01-27/2024-02-01/,389.81,1.0,2024,1,MXP,390.86,391.7742857142857,391.68,2023-03-22 02:32:04,True,-1.0500000000000114,-0.2686383871462957
Parma,Itália,655,189.79,Ryanair,PMF,2023-04-20,2023-04-27,http://kayak.com/flights/MXP-PMF/2023-04-20/2023-04-27/,189.79,1.0,2023,4,MXP,190.3,190.5,190.5,2023-03-22 02:32:04,True,-0.5100000000000193,-0.26799789805571167
Clermont-Ferrand,França,835,241.89,Air France,CFE,2023-04-16,2023-04-22,http://kayak.com/flights/MXP-CFE/2023-04-16/2023-04-22/,241.89,1.0,2023,4,MXP,242.54,265.9267045454545,246.67,2023-03-22 02:32:04,True,-0.6500000000000057,-0.2679970314175005
Reiquiavique,Islândia,265,78.15,Wizz Air,REK,2023-04-16,2023-04-23,http://kayak.com/flights/MXP-REK/2023-04-16/2023-04-23/,78.15,1.0,2023,4,MXP,78.36,129.35333333333332,116.6,2023-03-22 02:32:04,True,-0.20999999999999375,-0.2679938744257194
Préveza,Grécia,145,89.32,easyJet,PVK,2023-06-26,2023-06-30,http://kayak.com/flights/MXP-PVK/2023-06-26/2023-06-30/,89.32,1.0,2023,6,MXP,89.56,657.7613793103448,504.72,2023-03-22 02:32:04,True,-0.2400000000000091,-0.26797677534614683
Agios Kirykos,Grécia,1040,205.61,Aegean Airlines,JIK,2023-09-15,2023-09-22,http://kayak.com/flights/MXP-JIK/2023-09-15/2023-09-22/,205.61,1.0,2023,9,MXP,206.16,206.5583333333333,206.375,2023-03-22 02:32:04,True,-0.549999999999983,-0.2667830811020484
Gdansk,Polónia,945,127.46,Várias companhias aéreas,GDN,2023-06-07,2023-06-11,http://kayak.com/flights/MXP-GDN/2023-06-07/2023-06-11/,127.46,1.0,2023,6,MXP,127.8,136.78,128.07,2023-03-22 02:32:04,True,-0.3400000000000034,-0.2660406885759025
Florença,Itália,715,117.23,Várias companhias aéreas,FLR,2023-08-24,2023-08-28,http://kayak.com/flights/MXP-FLR/2023-08-24/2023-08-28/,117.23,1.0,2023,8,MXP,117.54,171.4707142857143,162.13,2023-03-22 02:32:04,True,-0.3100000000000023,-0.2637400034030987
Luqa,Malta,125,39.08,Ryanair,MLA,2023-04-30,2023-05-04,http://kayak.com/flights/MXP-MLA/2023-04-30/2023-05-04/,39.08,1.0,2023,4,MXP,39.18,66.0856338028169,65.82,2023-03-22 02:32:04,True,-0.10000000000000142,-0.2552322613578393
Hangzhou,China,1605,1115.46,Várias companhias aéreas,HGH,2023-04-25,2023-05-02,http://kayak.com/flights/MXP-HGH/2023-04-25/2023-05-02/,1115.46,1.0,2023,4,MXP,1118.16,1118.7285714285715,1118.48,2023-03-22 02:32:04,True,-2.7000000000000455,-0.24146812620734467
Hanói,Vietname,2145,1018.71,Oman Air,HAN,2023-07-05,2023-07-09,http://kayak.com/flights/MXP-HAN/2023-07-05/2023-07-09/,1018.71,1.0,2023,7,MXP,1019.47,1099.69875,1022.53,2023-03-22 02:32:04,True,-0.7599999999999909,-0.07454853992760856
Porto Alegre,Brasil,2475,1154.53,Air Europa,POA,2023-04-19,2023-04-26,http://kayak.com/flights/MXP-POA/2023-04-19/2023-04-26/,1154.53,1.0,2023,4,MXP,1155.27,1422.5824,1163.14,2023-03-22 02:32:04,True,-0.7400000000000091,-0.06405429033905573
Dresden,Alemanha,960,242.82,Várias companhias aéreas,DRS,2023-04-02,2023-04-07,http://kayak.com/flights/MXP-DRS/2023-04-02/2023-04-07/,242.82,1.0,2023,4,MXP,242.92,270.69972222222225,255.055,2023-03-22 02:32:04,True,-0.09999999999999432,-0.04116581590646893
